uniprot_id,value
P10275,0.04898386237240886
P35222,0.04181249059840912
P21333,0.03500969535457969
P00533,0.028095567715295658
P01375,0.022653742048280735
P31749,0.022582263712603284
Q03135,0.02069663137952359
P24385,0.020642637612972508
P07900,0.01942065363579245
Q9Y4K3,0.019100459661024867
O60341,0.019069238443333945
Q9UKV8,0.017819715300293592
P42345,0.01680731012779115
P06213,0.016071025504159387
P34015,0.01583577978642372
P06400,0.015750880111965324
O75385,0.015738855008509408
P62993,0.015296860378019335
P49450,0.014788711444186222
Q96EB6,0.014707599573797898
Q13616,0.014595408698379475
P09619,0.01443451285764298
Q9BTM9,0.014416898426855852
Q9GZQ8,0.013892575232541038
P30260,0.013780073352448545
P62158,0.013646552853175344
P09874,0.013615651803124908
Q92793,0.013614401062080988
P36897,0.013584736719276874
P03372,0.013515436681579498
P25963,0.013342200927511764
Q99496,0.013084302791464988
P46937,0.012883780386330989
Q14457,0.01272447670799791
Q00987,0.012588384010233529
Q13625,0.012240136486537354
P05412,0.011778257198607464
P22681,0.011630863524073592
Q13153,0.011602581519710203
P04049,0.01144582683262185
P36405,0.011204651882363964
Q13546,0.011179723622492237
O15164,0.01099920513270342
Q07817,0.010722265566036901
P98170,0.010672530831681676
P63000,0.010231938097539469
P12931,0.010181866999477776
P12004,0.009924843451229426
O75581,0.009486546096639726
P27986,0.009282912431403698
P32121,0.009282521937298517
P08047,0.00910778013582837
Q9Y4E8,0.008697154839955977
Q04206,0.008690375944069042
Q12933,0.008554216555422513
Q9Y6K9,0.008548867395252383
Q15653,0.008526627128456924
P01112,0.0084950127984437
P51787,0.008489027066926252
O75460,0.008411179405646172
P63279,0.008006446711253433
Q13547,0.007947100036514203
P63165,0.007919843146783049
Q13127,0.007910701566645481
P62805,0.007823720315381586
P49768,0.007708371566772282
Q8N3Y1,0.007616406278669947
P19438,0.007569297321597861
P36956,0.007514203923814744
P19387,0.007234423179872887
O15379,0.007163928947127777
P23458,0.007113325596990328
Q6P1J9,0.007064717369724274
P46060,0.0070418924297554865
Q9HC16,0.006952713914283496
P61964,0.006855257273190214
O14980,0.006764578982009145
P46527,0.00675919259830521
Q921C5,0.0067344122061244825
Q14203,0.006626838225538177
Q969U6,0.006578289624208502
P68431,0.006520598478491775
O41931,0.006512975866606435
P25445,0.006458154986286917
Q9Y297,0.0064307226522130915
Q30201,0.006424744060381387
P53350,0.006421602292783531
Q8N122,0.0064016389835947676
P89884,0.006398251831429871
P19838,0.006385079125665981
Q01094,0.00636632093124581
P27037,0.006365845862852429
O41947,0.006332560353252011
P05106,0.006280095384208518
P60484,0.00625444446576966
Q16531,0.006220376046624625
Q96SN8,0.00621188021677424
P28223,0.006179285862139315
O95477,0.006152967228837336
Q8TEW0,0.006110267329120067
Q13501,0.006092064118570792
Q16637,0.005968223155499643
Q99961,0.005918286925196264
Q9HCJ0,0.005892306348285466
O41949,0.005858762495218384
P16104,0.0057995469145499644
Q07812,0.005796361559475025
P01137,0.005787635633681153
P13010,0.00577054174722554
P35462,0.005751146845009731
P40763,0.00574657956534241
P25054,0.005712948235390531
P60953,0.005637303749161338
P21860,0.005612650957630606
Q99558,0.005596610496209367
P20226,0.0055885253323553555
O89100,0.005524081159339322
P06493,0.005507947505804028
P45983,0.005473931198305751
P29317,0.0054662957089844
O60356,0.005460603492225432
Q92993,0.005457670571446288
P31946,0.005446915274744238
Q9UID3,0.005387937627643749
P88980,0.005338269713056195
P88995,0.005277815995421435
P88996,0.005265110429813317
P45973,0.005253074078218741
Q9UBL3,0.005219695548819
P67775,0.005213822794797572
O15392,0.00521169295662568
P07737,0.005151224216999588
P19793,0.005126840825228978
Q9Y468,0.005117964984541906
O41957,0.005083371090649826
Q96AP0,0.005079893172769185
P51532,0.005035020589941068
P47992,0.005013902081680768
Q5SQX6,0.005005457899468196
Q9C0C7,0.004965825738063633
O75530,0.004955204639231535
Q9H4A3,0.004914409660435219
O60885,0.004912639209999803
Q8WXX7,0.0048985104458022476
P10636,0.004884571392653022
Q92900,0.004847634660439753
P40189,0.004825979664385308
Q5ZSD5,0.004806517341559449
Q16665,0.0047984020103657215
P21802,0.004688820053543841
P88993,0.00467676855377993
P17542,0.004647482536898264
Q96KQ7,0.004608237182739094
P62136,0.004597350130049099
O00429,0.0045807234493027
O14965,0.004578504981687908
P17612,0.004532613615264595
P02340,0.004515931406825008
O43927,0.0045087235405904666
P60842,0.00448850213878356
Q12824,0.004475842652222425
P11388,0.004457672613694268
P60709,0.004443847850802082
Q92841,0.004372535373723187
Q9H3P7,0.004344969917236749
Q9HB90,0.00433801567166977
O95219,0.004336745108331146
P49757,0.004332560962977654
P62491,0.004260103171594911
Q01201,0.00421929138000314
O43439,0.004211869753071275
O14920,0.004186701820576293
Q9NYJ8,0.004158168601573044
Q9P2R3,0.004152372026982621
Q9NWT6,0.004144743036320511
Q05086,0.004117508122398168
O41970,0.004093088919569384
Q15648,0.004051717755164402
Q92769,0.004036762005659801
O41946,0.004020627594114064
P10276,0.004009356106668211
Q8IX03,0.004005065590228743
P50613,0.0039523560294152885
P49841,0.003907012369943059
P15923,0.0038998159457632876
P41229,0.0038695873895746285
P40818,0.003864838815938215
P32302,0.003857177261222197
Q9H0D6,0.003843052975386571
P03407,0.003842744988197701
Q06124,0.0038404171192691944
P20339,0.0038359948126962073
Q5FBB7,0.003827044954600524
P30153,0.0038206064982929363
Q99801,0.0038093480168155105
P35968,0.003750124582291217
Q76N32,0.003733873994605234
P61769,0.0037273311639891005
Q03164,0.0037145202691764795
P55036,0.003644983064866787
P15692,0.003589271746577201
P62826,0.003557332152370486
Q9HC29,0.0035425631389538583
Q9GZM8,0.0035334707327643804
O41964,0.0034934019751862717
P36578,0.0034898959545051006
Q99759,0.003487334235865533
P49368,0.0034864564826964975
P05783,0.0034823806815931255
P08621,0.0034768694535634247
P48061,0.003472917585006864
P46108,0.003468091523670556
Q3U182,0.003465870152012984
P04150,0.003456529105222301
Q16891,0.0034475688073840817
O94817,0.003421101334453613
P88988,0.0033972798353799085
O95630,0.00337498727010844
Q9H0F6,0.00337286770771299
Q9C005,0.0033662544726735413
P54764,0.0033658907517640202
P46939,0.0033474344378581406
P32927,0.003340790082107552
Q9NV70,0.00333920708516107
O14744,0.0033073726144019185
Q9NPI6,0.003302098334931382
Q8WTS6,0.0032889249194073505
Q62356,0.0032783866821761293
P05067,0.003269009108428934
P06730,0.003236777354487131
Q96RL1,0.00321337920722062
Q9H3D4,0.003208681868801793
Q16594,0.0032068650278102096
P19525,0.003176549889637114
P59215,0.0031546534560739797
Q96EP0,0.0031388537798711607
Q60793,0.0031343869907406443
P51617,0.0031046654683830706
Q93009,0.0031043897239716486
O15144,0.0030952377291703875
P20700,0.0030932850842276217
P20393,0.0030816897365438024
P11362,0.0030627794415283367
Q15691,0.003053231430990198
Q08484,0.003044158656247635
Q15393,0.0030180493454146006
Q9Y265,0.0030161560841357226
Q02363,0.0030139761112547513
P20029,0.0030053613607108486
P00519,0.003005032246695003
O94762,0.002999425676264308
Q62120,0.0029924254827080887
Q9H6L5,0.0029914917096272005
P10809,0.0029627038982634893
Q9NRM7,0.0029564675920571936
P11940,0.002937776339660115
O95835,0.002933067193227496
P24941,0.0029314027204918373
P51665,0.002907756923299637
P88987,0.0028860654059819748
O41958,0.0028524848452171105
P02786,0.0028388158050704822
O75164,0.0028265332722895078
Q61598,0.0028196943957221796
P50570,0.002815977844580772
P51608,0.0028116545146766353
Q9CPX6,0.0027931642694787573
P35637,0.002775302150403034
P26196,0.0027436035831747193
P42684,0.002725186195276603
P10415,0.0027108396195112267
P41182,0.0027077439000202483
Q9Y676,0.0027077120641935243
P29353,0.0027024310919587556
P14735,0.002695562806002382
Q14686,0.002680574272572027
P00441,0.0026744316832673057
Q96A65,0.002673348580093397
P14784,0.002672515423805774
Q9UNN8,0.002672098845661963
P29466,0.002668705025290983
P35606,0.002656052912482042
P46531,0.002650284744822917
P49023,0.0026405513697144323
P78527,0.0026202275048289934
P08238,0.002594747583484359
P70380,0.0025827661141347583
Q13586,0.0025816283636317288
O95786,0.002572734339529146
P08069,0.0025538560911530232
P55072,0.0025441408105666623
P01111,0.002529590292351878
P60228,0.0025271415608315913
P12830,0.0025222816504176767
P52803,0.002520294489311734
P11802,0.0025109818107070985
P48023,0.0024707501097782124
O60880,0.002461608224187757
Q9H0U6,0.0024610027417627067
Q9UER7,0.0024490798499945624
Q9UJX5,0.0024333023592899845
P42866,0.0024268898443561013
Q13114,0.002424145084527429
Q92831,0.0024218866762976484
Q14155,0.0024155032689023217
P13501,0.0024107113599691346
P15056,0.0023933248063251634
Q9BYM8,0.0023791286156403884
Q15768,0.0023782601521995157
O15105,0.0023779306193678963
P27694,0.002374068468315847
Q86WJ1,0.00235336928747111
O94986,0.0023499204401278098
Q7KZI7,0.002349382905941028
P29067,0.0023488107653286535
P17181,0.0023485818794791806
P25116,0.002339169593128127
P35269,0.002332471290435349
P23193,0.002324326543202299
Q9GZX7,0.0023085023696768664
Q15291,0.00230214351635899
P08581,0.002296755961148206
Q8BMD2,0.00229143063720216
P16333,0.0022905150352239326
P06239,0.002289622026809432
Q96D31,0.002284388783400814
P35221,0.002274639275336692
O41951,0.0022652403046829477
Q13415,0.0022524024059433737
P63146,0.0022433460200618886
Q09028,0.002229046758777885
Q96P20,0.002224852237133924
P29375,0.0022102026114287636
O94888,0.0022075251246818414
Q15642,0.0021929931326203898
Q07889,0.0021906488016950726
Q6FHM2,0.002180150017607184
Q7LG56,0.002178513011124493
Q86YC2,0.002170627777084014
P25118,0.002160708266006873
O88522,0.002160708266006873
Q8VDS3,0.0021568396833911083
P55854,0.002153062101797128
P68400,0.002147028868354756
Q2KRY9,0.002132276771747773
P04899,0.0021306697963232573
P15976,0.002128472520949287
O00303,0.0021165246061798162
P50395,0.002113696429526113
P20338,0.0021068347550938513
Q15910,0.0020825456571540997
Q15154,0.0020818916789678327
P14866,0.002081724619547173
P35609,0.0020693185958888236
P61586,0.002064731518370309
O95365,0.002057519820370746
Q13322,0.0020484520424268807
P84022,0.0020305595358508736
P17844,0.00202759541974335
P08393,0.002017394982081533
Q00403,0.0020108416870642143
P13861,0.0020070099111310536
Q6P2Q9,0.0020054904999354303
P01579,0.0020054904999354303
P50549,0.002005073921791619
P84090,0.001997879422693551
Q15545,0.0019894053595139387
P18850,0.0019881029146590883
Q96MT8,0.0019859563103702183
P68135,0.0019832877740405697
Q5ZWZ3,0.001982965225938608
Q07820,0.0019768718617471847
O15550,0.001973726712153411
P37198,0.001969471263327023
Q96QF0,0.0019692168302504007
Q99708,0.001968799225123903
Q6NYC1,0.001941843701133676
Q9UHD2,0.0019349617675033463
P02768,0.0019308259520224916
Q92945,0.0019223402590876513
P35918,0.0019164191065613038
Q9GZV8,0.0019097572633356972
Q13009,0.0019042336913250187
P49336,0.0019003711988854464
Q7L7L0,0.0018903511737028663
P53041,0.0018897333732932748
Q60598,0.0018894259860908259
O00444,0.0018856858442704535
Q9BXL7,0.001885048479315497
Q8TDG4,0.001884401130270544
O14746,0.0018771527272242335
P23769,0.0018745166723725716
Q8IWZ6,0.0018703398241601231
Q08209,0.001864467556570035
P62837,0.0018511352538826099
Q9UPY3,0.0018374019749701096
O41932,0.0018340071592070474
P05556,0.0018259919416040286
P54132,0.0018192848340497095
Q14152,0.001814197538210581
O95831,0.0018137441847888166
P88991,0.0018098700937256597
Q14676,0.0018067031607121923
P12956,0.0017997848222946298
O75376,0.0017841486355949787
Q8N720,0.0017824560524551047
Q9ULR0,0.0017756920494705715
Q9UNK0,0.0017753297510081632
P29475,0.0017607983967983232
Q13315,0.0017574979756696245
Q00653,0.0017521629938399186
Q9Y6D6,0.0017508147560637557
P26368,0.0017450874670838913
P20340,0.0017437317825201323
P21980,0.001724615776134129
O41941,0.0017182068163336854
O15350,0.0017101248504176184
P70280,0.001695269793398555
Q14164,0.0016950426705536665
O96017,0.0016924647766558348
P06748,0.001691759438969898
P05019,0.001688253306669304
P40337,0.0016856696442405742
P88983,0.001683571979342008
P51677,0.0016788516896601195
Q9NZN8,0.0016736732033169035
Q8NHY2,0.0016721446692577826
O15269,0.0016717003192377176
Q9BQS8,0.0016716447754852092
P13725,0.0016713115129701605
Q9H307,0.0016713115129701605
P01241,0.0016713115129701605
Q9P0L0,0.0016713115129701605
Q6NW40,0.0016713115129701605
P22736,0.0016700315700851301
Q13158,0.00164442304316805
P62258,0.0016404218721423336
O15169,0.0016351929063953049
O00221,0.0016340901129217468
Q13469,0.0016304541622403452
O60784,0.0016283327049616961
Q13291,0.0016180594284427301
O95721,0.0016176898436469148
Q16620,0.0016134797885557807
P62330,0.0016124549691869177
Q9H0U4,0.001604578459652498
O95163,0.0015988966009669698
P27361,0.0015967916694617774
Q14789,0.001589969284099661
O43561,0.001586059163588478
Q9NVI1,0.0015708654291810339
Q92973,0.0015663180409025452
Q9GZR7,0.00154494400043103
Q9HAU4,0.0015445713404670493
P34932,0.001544463252951662
Q60803,0.0015414466539039942
P63010,0.0015369949331183247
Q9UKT4,0.0015333040635373868
P28482,0.001532842526396919
Q13873,0.0015296944444999653
Q92558,0.0015290550671189093
P49407,0.0015216394954094986
Q9BZS1,0.0015184867039668808
P55055,0.0015130005628641312
P37173,0.001512459380399994
Q12906,0.0015067264879369319
Q9ULT6,0.001502521179750438
Q96KR1,0.0014986791373807105
P78352,0.0014879687640390808
P08631,0.0014798474359213449
P17301,0.0014769481698725369
O00482,0.001472659696079752
Q92833,0.0014726500125209088
P22460,0.0014670980754933841
Q92905,0.0014598431980548656
Q6ZW61,0.0014591558343259139
Q96NY8,0.0014557265183278124
O00401,0.0014536095519675715
P46940,0.0014524881599203793
O76064,0.001451608259137739
P22692,0.001440768817122907
P14625,0.0014370336099009888
Q12879,0.001434267312005576
P19338,0.00142942927136786
P32248,0.0014256170764332735
P23025,0.001420891555615799
P32780,0.0014174935407141453
O60934,0.001411692003401991
P13693,0.0014064453380388242
P46109,0.0014043274541015256
P09769,0.0014012412183868116
P02750,0.0014003994870186859
P17813,0.0014003578292043047
P10600,0.0014003578292043047
O43679,0.0013955764247130867
O43255,0.0013904483040450292
Q64729,0.0013855673922524116
Q9UHB6,0.0013829173205794798
P19022,0.0013818058400469587
Q9Y294,0.001380178905311161
P49736,0.0013761153204105106
Q14524,0.0013701247532549483
Q13596,0.0013670182230786114
Q92797,0.0013650640905473307
Q13541,0.0013606201002026653
P15927,0.0013602612488423935
Q9Y613,0.0013579065962238662
P61244,0.0013439974282309043
Q9UKE5,0.0013433910345674663
P22087,0.0013408266340444554
Q8WUF5,0.001340093986091903
Q9QZH6,0.0013378823666637505
Q9UBU8,0.0013378823666637505
P24468,0.0013377990510349885
Q13094,0.0013377990510349883
Q7KZF4,0.0013377990510349883
P02511,0.0013377990510349883
Q9BV86,0.001337715735406226
P42702,0.001337715735406226
O15503,0.001337632419777464
Q8NG31,0.0013375472801188456
Q13424,0.0013375074463343206
Q96G28,0.0013374657885199394
Q9QXG4,0.0013373824728911772
Q924X6,0.0013373824728911772
P97798,0.0013373824728911772
P27870,0.0013373824728911772
P35249,0.0013373824728911772
P97879,0.0013373824728911772
P08575,0.0013373824728911772
P15260,0.0013373824728911772
P26358,0.0013338715652408575
P36941,0.0013272113188839364
Q9UKV5,0.0013272102562201119
P63104,0.001323126820182441
P49716,0.0013210767740211998
Q13950,0.0013168155748442586
P05771,0.0013163696974636335
P61956,0.0013035931397810893
O75533,0.0013030006650851164
O15160,0.0013011828459899074
Q6NZ36,0.0013004552875735193
Q17R98,0.0013002775456697141
P52732,0.0012977831252285212
P23508,0.001294393849928236
P25942,0.0012931539144848017
Q9UBV2,0.0012871312956192957
P37231,0.0012794981867017483
Q15303,0.0012715790515273717
P48995,0.001269996829299741
Q12931,0.0012593551014142875
O43156,0.0012546957701688366
Q9Y4R8,0.0012546957701688366
Q16576,0.0012500341069575677
P61024,0.0012481376717304992
O41952,0.0012443782641322894
Q61686,0.0012235728487798069
Q9Y2T1,0.0012186694621808523
P13747,0.0012178577772426185
O60306,0.0012136398329690439
P43405,0.0012098307890917
Q9HC52,0.001209532502896435
P08138,0.0012035578962210892
P10147,0.0012019007693543193
Q96I25,0.0011963060844515747
Q13191,0.001195198882380513
P18848,0.0011902118112918762
Q9NUX5,0.001185621840459052
Q15554,0.001184876467528055
P70168,0.0011741305379038033
O43463,0.0011688875595060918
Q15797,0.0011678579237594329
Q15382,0.0011607711169885663
Q14643,0.0011586346142100246
Q07912,0.0011580033322856735
Q96R06,0.0011557008128644751
P51668,0.001153014326656114
Q13155,0.0011512063934180014
P50750,0.0011484767395657167
Q86UP2,0.0011475075767981044
P29320,0.0011445060865676168
O41969,0.0011294674304310505
Q13233,0.0011247233628092037
P01730,0.0011228200969182458
P42338,0.0011142654640246682
P78371,0.0011122603058962089
P80098,0.0011117883831184424
Q9UNH7,0.001101229108326163
Q9BWF3,0.001098069942622576
P12644,0.00109521721222979
O35625,0.001092849282598742
P38919,0.0010911696382837881
O15294,0.00108612398347049
Q8N726,0.001085053326768687
Q93008,0.001084275053821252
O00267,0.001079589019116365
Q6P5F9,0.0010763191874206045
Q12778,0.0010747311478350487
P25789,0.0010744552171953684
P88992,0.001073420237615129
Q13131,0.0010707030556708853
P30681,0.0010664059233272225
P42768,0.0010642592624578247
O94776,0.0010638003437235498
O00459,0.001063433677762036
Q969H0,0.001063215272513173
Q15185,0.0010609654413922167
O95983,0.0010571884142258116
Q60841,0.0010529082990119233
Q8Y6A8,0.0010472081386388478
P51681,0.0010458280960944392
Q9UL03,0.0010361534693316805
Q00534,0.0010278944238909366
Q96CS3,0.0010272801216536008
Q9P2Y5,0.0010188322842669133
P60900,0.0010184943529222162
O00716,0.0010149348592669752
P62753,0.0010074722858238725
P54619,0.0010064487492728708
Q13507,0.0010056057532218845
Q9UN37,0.0010053615495566183
Q96JG6,0.0010039949843991484
Q9NPP4,0.0010035367484409563
P00740,0.0010035367484409563
O75943,0.0010035367484409563
O15355,0.0010035367484409563
P31785,0.0010035367484409563
Q9GZV9,0.0010035367484409563
Q99062,0.001003453432812194
P27487,0.001003453432812194
P33176,0.001003453432812194
P42224,0.001003453432812194
P41220,0.001003453432812194
Q13426,0.001003453432812194
Q15139,0.001003453432812194
Q04205,0.001003453432812194
Q9UFF9,0.001003453432812194
Q9HD67,0.0010034534328121937
P13569,0.0010032868015546698
Q9P1Z3,0.0010032868015546698
P02749,0.0010032868015546696
P57729,0.0010032868015546696
Q15223,0.0010032868015546696
Q9Y2Q5,0.0010032243148330978
P68036,0.0009946685314176557
P61006,0.000991170896222415
P52292,0.000990920190292264
Q7LBR1,0.0009902069480382273
Q13185,0.0009897093441034984
Q9UQB8,0.0009852983279339238
Q9BXM7,0.0009812811698096866
P62820,0.000977384476303256
P01374,0.0009758690141648343
Q15047,0.0009755898766421058
P49321,0.0009727753248956702
P13500,0.0009673182184276478
P55040,0.000962026225247497
P07948,0.00095953679492557
P13236,0.0009566543736704324
P10599,0.0009558419765367952
P33981,0.0009509950524772029
P53618,0.0009488656458436217
P0C0S8,0.0009485729237202383
Q9UK97,0.0009417129965049403
P32246,0.0009400960556961215
O60563,0.0009379394563452416
P52434,0.0009361457842568571
Q9BT78,0.0009357162375237753
Q13098,0.0009357162375237753
P04062,0.0009245439644866023
O14786,0.0009183883908285995
O14964,0.0009172991145884823
P62161,0.0009146754081569197
P51610,0.000913390104254978
P36898,0.0009100927705099587
P09429,0.0009081591913856854
Q9QR71,0.0009079046224995337
O43318,0.0009043066959849461
O15444,0.0008968030000634354
Q16778,0.0008966311868403366
Q62311,0.0008940787750679495
Q9R194,0.0008888432940122448
Q05193,0.0008805715024289757
Q5SW79,0.0008780947254008076
O75496,0.0008772071595679185
P17947,0.0008728197965416492
Q99962,0.0008662324879678003
Q15831,0.0008639510774084544
P27824,0.0008582248174999758
O14640,0.0008578314036139983
P51679,0.0008573671885493618
Q86VP6,0.0008560621765753154
Q16543,0.0008514197108733752
P09661,0.0008508161139406338
Q12962,0.0008467309677242584
P28715,0.0008431931241310452
P48736,0.0008362992746460172
Q15287,0.0008362806237007969
O95631,0.0008361139924432724
Q13257,0.0008333417617078507
P42568,0.0008306962015045664
P27467,0.0008294183595432077
P14635,0.0008284913499332484
Q07955,0.0008196584787777174
Q9NPJ1,0.0008185977031042493
P02675,0.0008166817375134182
Q99836,0.0008140061533331208
P57081,0.000813426086425896
Q99598,0.0008120299623017203
Q08509,0.0008116484721193735
Q05195,0.0008105505059092243
Q8N163,0.0008089567578082499
P57078,0.0008077970257297476
P16581,0.0008045463394462675
O95347,0.000801090310170137
O75154,0.0008004099095674821
P09038,0.0008001979500371148
P61088,0.0007998365662248188
P67870,0.0007997568544186272
Q9UPN4,0.0007960113494507959
P56704,0.0007932086102379361
P30307,0.0007931173491997964
Q9UKB1,0.0007930350015314415
Q99418,0.0007915303005408064
O00268,0.0007892824651294369
P45481,0.00078870930283418
Q9UMW8,0.0007835776085654997
Q92830,0.0007832639688648643
O60447,0.0007805851941706291
Q13148,0.0007805726215685809
O75179,0.0007795014061785042
Q9WUU8,0.000779195149839593
P06401,0.0007757216422729504
Q93034,0.0007742530652882632
Q9UBU9,0.0007670359276797615
Q9Y3E7,0.0007601686079552327
Q9HCE1,0.000752974163313995
Q15788,0.000750621268930329
P26006,0.0007504856274588854
Q9Y6Q9,0.0007504582187043859
P69905,0.0007484851224929209
P30304,0.0007469296117447903
Q99543,0.0007351242853741966
Q99523,0.0007350616463023895
P25490,0.0007311021614594986
Q92743,0.0007309715293735359
Q8TEK3,0.0007309581126763916
Q00839,0.0007304924436977644
P49674,0.000726743304265003
P88986,0.0007256498011812087
P31948,0.0007235794045580073
P17931,0.0007198412540735925
O60216,0.0007186630115091482
Q15003,0.0007178457516323285
Q9P289,0.0007170966788448435
P26045,0.0007170962185148587
P10644,0.0007170158838105488
Q16539,0.0007169303321302662
P46063,0.0007167835021899181
Q13393,0.0007156313866627823
O41954,0.0007154817514327856
P08670,0.0007147383081725233
Q14974,0.0007122960055951865
P35638,0.0007114200975677697
Q9H5V8,0.0007114124333054971
P34244,0.0007101683803447001
O95271,0.0006999188019273118
O75143,0.0006991291703390567
P63211,0.0006985609890571211
Q53HL2,0.0006912499739733924
O43264,0.0006900921641918277
Q96IZ0,0.0006900224307254971
P08588,0.0006883745109043288
P30409,0.0006855250645057449
O00203,0.0006835578798869872
Q13572,0.0006805119780972528
Q92621,0.0006799475050889956
P28347,0.0006774180274166927
P42566,0.000677296912814107
Q01860,0.0006756277421595181
P18615,0.0006741694961046624
P23771,0.0006741337178383315
O54943,0.0006732734413237484
Q8N365,0.000672985492657775
Q9NR30,0.0006727855311896943
P17987,0.000670889950885069
Q9Y2Z0,0.0006701577607510098
Q9H6E5,0.0006694549630425757
P52815,0.0006694410771044486
Q6P988,0.0006693577614756864
P60880,0.0006691078145893999
Q4ACU6,0.0006691078145893999
Q8WUI4,0.0006691078145893998
Q9H0F7,0.0006691078145893998
P05231,0.0006691078145893997
P01130,0.0006691078145893997
O75140,0.0006691078145893997
P46100,0.0006691078145893997
H9L447,0.0006691078145893997
P52799,0.0006691078145893997
Q9UM07,0.0006691078145893997
P11474,0.0006691078145893997
P02647,0.0006691078145893997
Q96HQ2,0.0006691078145893997
Q9UPY8,0.0006691078145893997
P61970,0.0006691078145893997
P46092,0.0006691078145893997
P03495,0.0006691078145893997
Q9NP77,0.0006691078145893997
Q15172,0.0006691078145893997
Q06455,0.0006691078145893997
Q86V81,0.0006691078145893996
O14745,0.0006690244989606376
Q15672,0.0006690244989606376
P00451,0.0006690244989606376
Q16740,0.0006690244989606375
P01275,0.0006690244989606375
P98082,0.0006690244989606375
P29122,0.0006690244989606375
Q5PP90,0.0006690244989606375
Q8VI67,0.0006690244989606375
P07858,0.0006690244989606375
Q9NR31,0.0006690244989606375
O75604,0.0006690244989606375
Q9EP80,0.0006690244989606375
Q03519,0.0006690244989606375
P60896,0.0006690244989606375
Q9J3M8,0.0006690244989606375
P97260,0.0006690244989606375
Q8IWV7,0.0006690244989606373
P49662,0.0006690244989606373
Q8NBW4,0.0006686287497240169
P36896,0.0006682996529904061
Q13263,0.0006673516286883069
Q6NZI2,0.0006633792303806903
Q14186,0.0006594398128312437
Q9HD42,0.0006556113829291535
P56524,0.0006546314048092295
P06241,0.0006535108932871356
Q5XUX0,0.000650879646303794
Q13671,0.0006503835469336553
Q9Y383,0.0006494901969990644
O00571,0.0006446818033273545
Q01082,0.0006445021977191135
Q6TQR6,0.000642616932188324
Q13227,0.0006376859681580319
O95166,0.0006322744105764012
Q8AXF4,0.0006317470910215122
P61077,0.0006311054927087625
P02545,0.0006305743054428641
Q13323,0.0006268949271742894
Q7Z3K3,0.0006256974551302761
Q96FW1,0.0006252227285192457
P18206,0.000618392699440837
P62937,0.0006182884945613363
P14678,0.000617843403500071
O15516,0.0006064839220997329
Q9H1Y0,0.0006049650198515194
Q9BSQ5,0.0006042614516971837
Q96NB3,0.0006037498036433832
Q9JKV1,0.0006034362571227899
Q91XC0,0.0005991411914891231
P35232,0.0005979918273017142
Q9WTL8,0.000597752967283754
Q9Y239,0.000597091062721832
Q9UKL0,0.0005967136598572106
P39052,0.0005928547580309999
Q9H444,0.0005886097561187836
Q9YP87,0.0005879273160657305
P05787,0.0005863441880295258
Q00613,0.0005855935978509455
P43351,0.0005848101683260612
Q02790,0.0005841618043228374
P88990,0.000580986401529892
Q15365,0.0005804725767544215
Q9UNP9,0.0005795318823013225
Q8NEB9,0.0005779922063019222
Q06330,0.0005719085358928317
Q9H492,0.0005678507807122064
P30291,0.0005662126548021512
P83916,0.0005643741303559972
O75419,0.0005624539023448217
Q9H8V3,0.0005606238071178287
P49792,0.0005588449933707533
Q15717,0.0005588011850370975
P14859,0.0005504899517569981
P17480,0.0005493791914750048
P01584,0.0005480693344151126
O00592,0.0005440359075537609
P12755,0.0005434611114522749
Q16514,0.000543207004909802
Q04637,0.0005424988695937374
P49281,0.0005358742798296758
O43474,0.0005305188298202434
P49959,0.0005302895156433871
P34080,0.000530108545240059
P46777,0.0005294727378490606
Q92556,0.0005258704223160092
P21580,0.0005240603622243743
Q86UQ8,0.0005231570298216765
P07910,0.000522548598253092
Q9NPI1,0.0005201015793957864
P36873,0.0005198926085450619
Q3KNV8,0.0005170131313904287
P16234,0.0005146205438884638
P08648,0.0005136489580204037
Q16512,0.0005114298409664142
Q96FF9,0.0005112771134931159
P09086,0.000510575197663798
P78406,0.0005077605730212676
P29066,0.0005056103445246887
Q71DI3,0.0005035721999085178
Q96E14,0.0005018100320348592
Q9WUL7,0.0005018100320348592
Q8BGY9,0.0005018100320348592
Q03112,0.0005014028899505182
Q14683,0.0005006884655619532
O15467,0.0004983792532576643
P55957,0.0004980534320171025
Q16611,0.0004953923007781049
O43707,0.0004952411466387848
Q9Y230,0.0004937107374350262
P50542,0.0004928221665801164
P49848,0.0004895855313593467
P26039,0.0004875510123558995
P49682,0.00048676618482090464
Q969G3,0.0004865917076480005
P07947,0.00048529527157955014
P61981,0.00048387255699684897
Q8WXE1,0.00048205932607436235
Q13362,0.0004800745947037462
O88384,0.00047589121727667754
O08816,0.00047532548691072443
O95863,0.0004749506090597609
P19447,0.0004742168469076744
P10914,0.0004738848504836015
Q96J02,0.00046835410594874444
Q13619,0.0004670048205973576
O95140,0.0004669471199181986
P05230,0.00046568570055684704
Q13105,0.00046255835591012387
P84092,0.00046135531054194106
P23560,0.00046044328854966235
P07954,0.000458995551281934
Q9Y6K1,0.00045810259212193455
Q13617,0.0004515573590004613
O14641,0.0004503158007267924
P33993,0.00044845185660506124
O75586,0.00044055525237820023
Q99963,0.000440309245776239
P30626,0.0004395433801140198
O94916,0.000436859279333112
Q9NVC6,0.0004307833761289822
P34741,0.00042974481300168407
Q99814,0.00042870781109506303
Q61644,0.0004271023770214407
O43566,0.0004269528287440956
Q9BUL8,0.0004238016207420911
Q64364,0.00042047309843693437
Q15022,0.0004199149067610018
P56962,0.0004189528621851732
Q04864,0.0004178240834403011
Q13309,0.00041470019693359746
P62877,0.00041460761165909864
Q9NR80,0.0004140505461943352
Q99081,0.0004124565730098186
P39748,0.0004075448591858808
Q13561,0.0004061767496294746
P84243,0.00040543809878601945
Q15643,0.0004042965630004328
Q6P589,0.000403068435117247
P22607,0.00040107598446938896
Q9NRA1,0.00039946006898764586
P01127,0.00039946006898764586
Q9UNE7,0.0003994207828289269
P78556,0.0003991428920289535
Q6XW05,0.0003984905682320186
P04618,0.0003955769638537738
Q15233,0.0003947719098050911
Q99731,0.00039415663163506413
O00585,0.00039415663163506413
Q08945,0.00039412729755151145
O43924,0.00039162449940278413
Q9NYB0,0.0003914812003435682
P97784,0.0003876597787953184
Q96RI1,0.00038574547732878967
P25098,0.0003840393127540432
Q9BXW9,0.0003790171200160487
Q9UHX1,0.00037720041399519783
Q15370,0.00037552187472054206
P35568,0.0003739585169498617
O41966,0.00037353569058228497
P33992,0.00037297788729798935
P35869,0.000372331652012322
Q13363,0.0003684915740619988
P62318,0.00036826716377759617
Q61026,0.00036812710140989973
Q99933,0.0003671023199807275
Q9UPP1,0.00036662231786187147
Q16656,0.00036416912577125546
Q9P2I0,0.0003617772889927431
Q9UKF6,0.0003617772889927431
P51812,0.00036176956563282276
P20936,0.00036103659410711254
Q96AE4,0.000360910944168795
P78536,0.0003593631683849628
Q96CF2,0.0003589650295287252
Q08211,0.00035831620220340605
Q8WXD5,0.0003575060088960039
Q60809,0.0003574052900547306
Q13188,0.0003548662766141658
O75461,0.0003524957249636564
Q9UL17,0.00035227098997804134
P27884,0.00035111378151993504
Q9Y5X1,0.0003509729289374343
Q13635,0.00035052546874494956
Q15907,0.00034958021206480457
Q9UHH9,0.00034841880306440005
P46734,0.000347644477977037
Q5VW32,0.00034753732352306335
P51810,0.00034690862176491597
P03230,0.0003467514837884409
Q8K3Y6,0.00034596717078616204
Q9BSB4,0.0003455978513901139
P35226,0.00034522419352898124
P51531,0.00034321273615901457
A2AM29,0.0003422952178050994
Q9H0H5,0.0003422038885677385
P26927,0.0003419021099247766
Q8WUA4,0.00034112529730862624
Q8IU60,0.00033950596853660626
O43353,0.0003393111966352651
Q9UJU2,0.0003383575873415756
Q6ZSG1,0.00033783298529528345
O75340,0.0003376150324347476
Q9BVW5,0.00033756823303933333
Q15796,0.000337550221807662
Q13557,0.00033720962591849844
Q99741,0.0003366235516570115
P22004,0.00033639379409653217
P81877,0.0003360989716703183
Q9BWW4,0.0003360989716703183
P27038,0.0003351968262299816
Q9ULQ0,0.0003351160841116466
Q5VSL9,0.0003351160841116466
Q96RN5,0.0003350056155890064
Q96EQ8,0.0003347657670364095
Q5VIR6,0.0003347066526140972
P01344,0.00033463722292346207
P61326,0.000334633057142024
Q9UN86,0.00033459556510908103
P26043,0.00033459556510908103
Q9ERP3,0.00033459556510908103
P68106,0.00033459556510908103
O41925,0.000334595565109081
Q9CR95,0.000334595565109081
Q15046,0.000334595565109081
O15520,0.000334595565109081
O95760,0.000334595565109081
P07823,0.000334595565109081
P07996,0.000334595565109081
P34947,0.000334595565109081
Q6GQQ9,0.000334595565109081
Q5U5U6,0.000334595565109081
Q61036,0.000334595565109081
Q784Z8,0.000334595565109081
Q9Y2Y0,0.000334595565109081
P21917,0.000334595565109081
P21279,0.000334595565109081
Q9Y4C1,0.000334595565109081
Q01959,0.000334595565109081
Q99996,0.000334595565109081
Q9Z1W4,0.000334595565109081
Q13772,0.000334595565109081
P35580,0.000334595565109081
Q08881,0.000334595565109081
P09759,0.000334595565109081
Q99835,0.000334595565109081
Q8TF76,0.000334595565109081
Q01405,0.000334595565109081
Q01105,0.000334595565109081
P98158,0.000334595565109081
P05113,0.000334595565109081
P13232,0.000334595565109081
P35228,0.000334595565109081
Q06830,0.000334595565109081
O15357,0.000334595565109081
Q92636,0.000334595565109081
Q9NQS3,0.000334595565109081
O43502,0.000334595565109081
Q9HAT8,0.000334595565109081
P20916,0.000334595565109081
Q15109,0.000334595565109081
P61809,0.000334595565109081
P41235,0.000334595565109081
P40933,0.000334595565109081
Q920D5,0.000334595565109081
O60500,0.000334595565109081
P17948,0.000334595565109081
Q05655,0.000334595565109081
O60674,0.000334595565109081
P10845,0.000334595565109081
O43312,0.000334595565109081
Q9HC77,0.000334595565109081
O75962,0.000334595565109081
Q14493,0.000334595565109081
Q9NRW3,0.000334595565109081
O70172,0.000334595565109081
Q99816,0.000334595565109081
Q9UBT2,0.000334595565109081
P49711,0.000334595565109081
Q8ZMM8,0.000334595565109081
Q80UE6,0.000334595565109081
Q9H2X6,0.000334595565109081
P20809,0.000334595565109081
P04196,0.000334595565109081
Q8IXJ9,0.000334595565109081
Q13177,0.000334595565109081
P04792,0.000334595565109081
Q969G9,0.000334595565109081
P50591,0.000334595565109081
Q9UQL6,0.000334595565109081
O95150,0.000334595565109081
P01236,0.000334595565109081
P26441,0.000334595565109081
Q9UKT7,0.000334595565109081
P09919,0.000334595565109081
P26367,0.000334595565109081
O15055,0.000334595565109081
P60468,0.000334595565109081
O75821,0.000334595565109081
O88895,0.000334595565109081
Q6P2E9,0.000334595565109081
P23258,0.000334595565109081
Q8IWF2,0.000334595565109081
Q96Q89,0.000334595565109081
P15018,0.000334595565109081
Q9UBK2,0.000334595565109081
P30086,0.000334595565109081
P48546,0.000334595565109081
Q29122,0.000334595565109081
Q9Y5U4,0.000334595565109081
P46776,0.000334595565109081
Q13485,0.000334595565109081
P18754,0.000334595565109081
P01350,0.000334595565109081
O15297,0.0003345955651090809
Q99755,0.0003345955651090809
P23443,0.0003345955651090809
Q16630,0.0003345955651090809
Q15036,0.0003345955651090809
Q9DCH4,0.0003345955651090809
Q96J94,0.0003345955651090809
Q99075,0.0003345955651090809
Q7Z7A3,0.0003345955651090809
P61328,0.0003345955651090809
P80188,0.0003345955651090809
P43034,0.0003345955651090809
P05455,0.0003345955651090809
Q14671,0.0003345955651090809
P06899,0.0003345955651090809
Q02156,0.0003345955651090809
Q9QXS1,0.00033459556510908087
Q8NHZ8,0.00033459556510908087
Q2MKA7,0.00033459556510908087
Q16658,0.00033459556510908087
Q9NTX7,0.00033459556510908087
Q504Q3,0.00033459556510908087
P57764,0.00033459556510908087
O14974,0.00033459556510908087
Q13418,0.00033459556510908087
Q96B97,0.00033459556510908087
P49798,0.00033459556510908087
P17936,0.0003344289338515565
Q9NQG5,0.0003344289338515565
Q96P16,0.0003344289338515565
P49116,0.0003343627489236639
Q13884,0.000334220644779651
Q13438,0.0003305415711884992
Q9H2S1,0.00033006317893640764
Q13042,0.0003273609552775229
O95149,0.00032685052578923
Q14527,0.000325662689633488
Q96SN7,0.0003256422632106637
Q9BRQ5,0.0003256422632106637
Q96ST3,0.0003223842143209842
Q99471,0.00031945622003814664
Q6W2J9,0.00031774205978900836
Q15078,0.00031520208063919454
Q13888,0.0003152020631939994
P04114,0.00031456436173884854
O88838,0.00031233699376733684
P30305,0.0003121470299793742
P17275,0.0003106316650831502
O88572,0.0003070063343430807
P60520,0.00030540949522637464
P08476,0.00030291309308894126
Q9NPH3,0.00029802576245363104
Q4G0J3,0.00028994202935799624
O95999,0.0002862205098715536
Q07021,0.0002843860245200591
Q92466,0.00028381371152790094
P18031,0.0002826849075777799
P00558,0.00028200933941210807
Q969F2,0.00028009020984083485
O75475,0.00027789672834397673
Q4V328,0.0002777694312371762
P18484,0.0002763654369644864
Q12873,0.0002757701196406748
P46821,0.00027358376362163466
Q01196,0.00027312031726995766
Q13503,0.0002718214680582628
Q9UBD5,0.0002718125057759014
Q9ULZ3,0.00026848785180226076
Q53ET0,0.0002684793314478794
Q9H9B1,0.00026345796086524727
P52298,0.0002627003513047242
Q9UJW3,0.0002607974560970841
Q09161,0.00025740822604376404
Q9NRC8,0.0002555502600392554
P17535,0.0002534678003108354
P55980,0.00025293474200794295
P32776,0.00025068786576375987
P33240,0.0002503842933376657
Q04917,0.0002487196952497324
P49767,0.0002483489615840863
O60684,0.00024789819942560654
Q38SD2,0.00024532239560342287
Q96NA2,0.0002441188929551607
Q92759,0.00024361949119559826
Q9BQA1,0.00024330496242792486
Q7KZ85,0.00024315335114792562
Q70E73,0.0002412186102560272
O94953,0.00024026702781684123
Q14145,0.0002384952639046113
P27797,0.00023811769270047962
O43379,0.00023762795795373665
Q9NQT5,0.0002374489022303375
Q9NQT4,0.0002374489022303375
Q91WS2,0.00023295579744934372
O75925,0.00023268213727542476
O14773,0.00023192711484841983
Q9H2K2,0.00023089520359429534
Q99PV5,0.000228248580907464
Q9Y5N6,0.00022818054926149376
Q8TDY2,0.0002253646415320266
P14778,0.00022525838474474221
Q6PL18,0.0002239409390546585
P51784,0.00022328023059332958
P14618,0.00022286335975816145
P50402,0.00021914841939073322
Q16288,0.00021836447993863885
Q07960,0.00021774467356420807
Q71LX4,0.00021710575885957762
P55899,0.00021613381177548887
Q9P2W9,0.00021581263164101685
O00505,0.00021461458779348418
Q13416,0.00021460920382259936
Q13620,0.0002135957933981751
P16520,0.0002093655429180167
P57058,0.00020902844915774064
O43541,0.00020886554634320397
Q99613,0.000208629821739748
Q13905,0.00020780095145142192
P02792,0.00020755347569957773
P28033,0.00020692531058323158
O75081,0.00020503714024956214
P24863,0.00020476788099435165
P15407,0.00020125661010490827
P04198,0.00020116559456463676
Q9UK61,0.00019962652106949246
Q99549,0.00019962652106949246
Q13555,0.00019595313725321548
P31322,0.00019509800412430996
O15534,0.00019485646665479765
Q3UHD1,0.00019422923493751844
Q9BXW4,0.00019280642796397975
Q62073,0.00019250534329132835
Q92583,0.00019248986477140504
Q96PU5,0.00019084328425269286
P62807,0.00019018121882920393
P27348,0.0001890043337324478
Q9H0M4,0.00018865971282786966
Q8IZP0,0.00018671068748432203
Q5EBH1,0.00018601222212246644
Q9UNS2,0.000184095325646083
P39429,0.0001838996949940124
Q9BZI7,0.0001838520947157821
Q12955,0.00018201889675098737
Q02750,0.0001808325188059693
P35998,0.00018056446075188893
Q15466,0.00018003313784440924
P15036,0.000179030864228278
Q13451,0.0001768811319559767
O00327,0.0001753258784985096
Q9P0L2,0.0001746178205164303
Q9NYW8,0.000171579030421392
P48729,0.00016922607878955807
Q9H668,0.00016725612474015938
Q2NKJ3,0.00016725612474015938
P07269,0.00016725612474015938
P07270,0.00016725612474015938
Q9EPU5,0.0001672144669257783
Q9D0J4,0.00016721446692577826
Q9H9A7,0.00016721446692577826
O00422,0.00016717280911139715
Q9HB63,0.00016717280911139712
Q8WWW0,0.0001654596455271307
P08727,0.00016440371910187687
P09651,0.00016318280650864478
P15104,0.00016266298766068416
P38217,0.00016163263595053598
P18074,0.0001604084716232452
P28074,0.00015924857949735884
P15917,0.0001577705737457238
P31345,0.00015616586675236112
Q9HAU5,0.00015482569521068254
P29350,0.00015360313825652983
Q14012,0.00015171515010455432
P98155,0.0001516641176737052
P30533,0.00015079435479442772
P11831,0.00014998579253489768
Q08999,0.00014923799633029827
O14686,0.0001488795089056398
P42229,0.00014803667878068099
Q06547,0.00014615343608913336
P41236,0.0001454790295946661
O14646,0.00014537579250660962
Q06587,0.0001448287026824283
Q96AQ6,0.0001444280451035509
Q8N5C8,0.00014414716667098568
P22626,0.00014371980843971556
P02766,0.00014195096421081377
Q9NVP2,0.00014040983583007445
Q96GG9,0.00013945109906938422
Q6PH85,0.00013945109906938422
O00629,0.00013878827947643786
P23528,0.000136709588289564
Q96JM7,0.00013496831091980947
Q96L91,0.00013490077132372432
Q9Y2A7,0.00013351023500621557
Q7L576,0.00013351023500621557
Q9NYB9,0.00013294381279433455
Q9Y6W5,0.00013294381279433455
Q8WUW1,0.00013294381279433455
O95931,0.00013154065578476775
P81122,0.0001302211889423716
Q13535,0.00012925801492527314
O75351,0.00012774149331248327
Q9NXG0,0.00012717493790209667
P26651,0.0001271587486036628
Q9UL18,0.00012660819894862776
P10242,0.0001251367445613055
Q15025,0.00012460996766307694
O95810,0.0001236448209709883
Q5VU43,0.00012097952180869724
P84077,0.00012005389499351072
Q13951,0.00011903937792576926
Q15843,0.00011802055250792401
P20783,0.00011491634022851677
P78347,0.00011179943613458924
Q9UJX6,0.0001109803049716204
Q9UM11,0.0001109803049716204
P61812,0.00011046263780058546
P03204,0.00010981515728220541
O95503,0.00010779315469577342
P35439,0.00010773925115169648
O43913,0.0001071405342115833
P17096,0.0001071405342115833
O43929,0.0001071405342115833
Q149N8,0.00010690025026307918
P49427,0.0001043743217867734
Q8NC44,0.00010406112518813231
Q86VR2,0.00010406112518813231
Q99684,0.00010248333027803666
Q96FA3,0.00010233670935115078
Q9UQR0,0.00010017645973322729
Q60974,9.888575868247394e-05
Q86YS3,9.876613725662753e-05
A5YKK6,9.871692431477496e-05
O94907,9.722136638246241e-05
P36895,9.582541631980762e-05
P29473,9.460256196823009e-05
Q8VIM5,9.435742522898399e-05
Q9HCM1,9.360996731005239e-05
Q12874,9.295163741268699e-05
P48431,9.247301900064e-05
O15530,9.212476291713061e-05
P35244,9.034710309249771e-05
Q07813,9.02368589123784e-05
P43403,8.929315009599114e-05
Q9Y376,8.848503261078955e-05
Q61539,8.847816415302006e-05
P54198,8.773545532993817e-05
P11166,8.761143572396026e-05
O43143,8.654551792916164e-05
Q99627,8.637149845515677e-05
Q7L5N1,8.637149845515677e-05
O15151,8.552222313050409e-05
Q8TAQ2,8.423340696955923e-05
P51686,8.217682689043885e-05
Q15633,8.200724016887492e-05
P15531,8.141056901374587e-05
Q9BV40,8.132450966276378e-05
P55273,8.106461054978037e-05
Q16695,7.883210307635712e-05
O96028,7.85692803814045e-05
O94992,7.81424424018408e-05
P24522,7.781619585084345e-05
P01116,7.718897070628671e-05
Q6XVY7,7.717857626186902e-05
Q8TCU6,7.717857626186902e-05
Q9BVA6,7.717857626186902e-05
Q8N3U4,7.693117005083027e-05
O43521,7.668411146679395e-05
P58753,7.638994490388404e-05
Q92878,7.434999956938485e-05
Q03468,7.412190643734499e-05
Q92608,7.317457912376415e-05
Q86U86,7.241555938674926e-05
O75197,7.226587172943782e-05
Q6IA86,7.184744341336335e-05
Q8BWF2,7.158306469656752e-05
Q99MI6,7.158306469656752e-05
P27540,7.121210608836443e-05
P42227,7.107434042680682e-05
Q96BD5,7.100027567245287e-05
P11207,7.060164102800273e-05
A2AGH6,6.984837236835036e-05
P03122,6.977754923950905e-05
Q64096,6.958860928872852e-05
P10721,6.924100039323502e-05
P41002,6.861915837875927e-05
P19784,6.764336791091815e-05
Q15369,6.739642404372121e-05
Q91407,6.60404158530752e-05
P23804,6.600560162610377e-05
O15519,6.494071246745748e-05
Q14781,6.478260439059057e-05
O00257,6.478260439059057e-05
P51685,6.476062144855541e-05
Q9NRJ3,6.454732691984779e-05
O95715,6.454732691984779e-05
Q9Y6B7,6.44571483862373e-05
Q10567,6.44571483862373e-05
P56279,6.383291459104477e-05
P61158,6.342198871666696e-05
Q9Y6E0,6.328893725252427e-05
Q92784,6.303786536856157e-05
P0C0S5,6.203278683103845e-05
P04085,6.119894321434103e-05
Q96PM5,6.05211615884404e-05
P02829,5.976909180057113e-05
Q9H792,5.963189918754101e-05
Q8WXW3,5.932426161322203e-05
Q49A88,5.932426161322203e-05
O95602,5.8598627829615794e-05
Q9H9Y6,5.8598627829615794e-05
O15446,5.8598627829615794e-05
Q9NPB9,5.669741783510648e-05
Q16254,5.618288349806405e-05
P51449,5.606912342242974e-05
Q9UKL3,5.4299691744385036e-05
O95155,5.403152351785612e-05
O95402,5.32781769411714e-05
Q93074,5.32781769411714e-05
O75448,5.32781769411714e-05
Q02241,5.157242708487219e-05
Q9NVH0,4.9805606298579784e-05
Q9Y6D5,4.929387282212756e-05
P01100,4.891964769550427e-05
P18075,4.800990972679117e-05
P70315,4.7738955134846644e-05
P35963,4.5679923851383396e-05
Q8IWE4,4.555794344768914e-05
P0DJ89,4.418876969946728e-05
Q15750,4.411937038809752e-05
Q9H6T3,4.345763323743755e-05
P10828,4.3426759864936205e-05
Q9BY43,4.332298874635903e-05
O00560,4.3093915312786884e-05
Q9UQE7,4.2902934588728676e-05
P16066,4.1751544463468174e-05
P70180,4.1751544463468174e-05
Q14118,4.1751544463468174e-05
P09055,4.1751544463468174e-05
Q6EMK4,4.1751544463468174e-05
Q8NFT8,4.1751544463468174e-05
Q6UX71,4.1751544463468174e-05
Q9BX69,4.1581966520711156e-05
P62834,4.13064889698687e-05
Q08379,4.027884614620249e-05
P03966,4.021764029237867e-05
P31751,3.9832623045143466e-05
P22674,3.920222232666382e-05
Q9UBC3,3.794448371866274e-05
P19388,3.7839238936013656e-05
P23921,3.765234080861073e-05
Q12967,3.714554054052614e-05
P18846,3.7000298774258065e-05
Q9BSJ6,3.680119907115352e-05
P07174,3.5953362158120854e-05
O14503,3.380573261296651e-05
Q9QAI7,3.3656930031860624e-05
P20963,3.3439030303704346e-05
P11137,3.3376727746028e-05
P25205,3.3116440056918435e-05
Q6UWZ7,3.282067156516215e-05
Q08752,3.257217337747158e-05
O41955,3.230643883180788e-05
O43752,3.1868309933272535e-05
Q9BUR4,3.171292805058707e-05
P12504,3.154523421297655e-05
Q14188,3.0952551042150255e-05
P29083,3.086917535581008e-05
Q07120,2.986051323101886e-05
P30671,2.9453174467724312e-05
P50153,2.9453174467724312e-05
P63214,2.9453174467724312e-05
P63217,2.9453174467724312e-05
Q15542,2.8604287412059903e-05
P28749,2.787320893334205e-05
Q6ZYL4,2.6982685819506993e-05
Q9JHD2,2.6624580501894544e-05
O75592,2.6619861883378446e-05
Q14207,2.650366681285238e-05
P43356,2.6302875251773503e-05
O43683,2.6212286023019447e-05
Q00526,2.6121953949122047e-05
O94921,2.6000373015423517e-05
O95750,2.58730835738675e-05
Q99LI8,2.4535210746697035e-05
P22415,2.413106098989991e-05
Q8J025,2.3581328540421807e-05
P30281,2.2982231106713266e-05
Q92804,2.2352395972257366e-05
Q01844,2.2352395972257366e-05
Q96B01,2.2294757575701245e-05
P61201,2.2000401379166726e-05
Q2KHM9,2.1931172753992667e-05
O95257,2.1296580399668885e-05
A2RRP1,2.10676652311854e-05
Q6NUQ1,2.10676652311854e-05
Q06945,2.094233875792243e-05
O60506,2.0764780011515393e-05
Q14956,2.0616724217947094e-05
O75529,1.984097610346694e-05
Q9BWU1,1.972551685267868e-05
P25101,1.935001194369131e-05
Q9H9T3,1.9196658276947512e-05
O15047,1.820526174476573e-05
Q7Z6K5,1.7913955534276425e-05
O75909,1.7610477674425106e-05
Q9Z148,1.7585394431540562e-05
Q99743,1.7120455518836954e-05
Q9BTT4,1.673805549601933e-05
Q9Y4E5,1.66035990375201e-05
Q71SY5,1.5917976159493577e-05
Q9BUN5,1.5864850337642404e-05
P61758,1.5454702799978873e-05
P54274,1.5241917217419118e-05
Q07666,1.4927780227654004e-05
P15172,1.4802883934270755e-05
O15054,1.4385704372890135e-05
P35227,1.4096345137028383e-05
P60010,1.3827719990530723e-05
P07830,1.3827719990530723e-05
P35739,1.3777152546099242e-05
O43303,1.3678570853768175e-05
Q9WU78,1.3436205510332684e-05
Q8N3I7,1.2981169308267294e-05
P97573,1.2836758236840989e-05
E9PT20,1.2836758236840989e-05
Q5BJU7,1.2836758236840989e-05
Q6IN36,1.2836758236840989e-05
Q60520,1.2583189006106237e-05
Q9HCS7,1.2400215986823985e-05
P33778,1.2277327512511214e-05
Q92783,1.2055522833340916e-05
Q14209,1.1947376652415906e-05
P01135,1.1833511934343761e-05
Q3SYG4,1.1798527783801971e-05
O15372,1.1322189880124805e-05
Q9Y262,1.1322189880124805e-05
Q7L2H7,1.1322189880124805e-05
Q9UBQ5,1.1322189880124805e-05
Q14565,1.0989322345001509e-05
Q7Z6Z7,1.0773289189867601e-05
Q9BYE7,1.0133504486980825e-05
P61962,1.0133504486980825e-05
P21796,1.0121468298653613e-05
Q86XK2,9.880831099383228e-06
P28324,9.81824171810176e-06
Q9BSM1,9.35012953049894e-06
Q8N7H5,9.34373556704524e-06
Q9Y6X2,8.86643814067497e-06
Q92844,8.73322381101629e-06
Q99460,8.63608551680719e-06
P24864,8.371893560665212e-06
O57300,7.895778224405904e-06
P07305,7.863377342737087e-06
Q9H944,7.64824406772017e-06
Q06187,6.947942489813225e-06
P17382,6.778482033818621e-06
P52566,6.778482033818621e-06
Q96RD7,6.778482033818621e-06
P55212,6.778482033818621e-06
P46414,6.740903626028245e-06
Q15916,6.6645067091907425e-06
Q05516,6.6645067091907425e-06
P24768,6.6645067091907425e-06
Q8CJG0,6.60752447247817e-06
Q9NYV4,6.093772927057014e-06
O95453,5.96448221136784e-06
P35367,5.9449009779695115e-06
P34971,5.9449009779695115e-06
P08913,5.9449009779695115e-06
P51436,5.9449009779695115e-06
P13945,5.9449009779695115e-06
P08173,5.9449009779695115e-06
O35903,5.61843430420197e-06
O43617,5.498831498306609e-06
Q02878,5.393073757878354e-06
Q13111,5.2907257829050426e-06
Q15418,5.154162193239758e-06
Q9GZU7,4.734965663297413e-06
O15194,4.734965663297413e-06
Q61188,4.338550747190369e-06
Q80U70,4.338550747190369e-06
Q921E6,4.338550747190369e-06
Q9P0M6,4.2961461883095995e-06
Q13882,4.205479360758863e-06
Q8WXH5,3.999150180586625e-06
P41134,3.910687413794297e-06
O43823,3.809809144545792e-06
P07992,3.803604156895311e-06
O08734,3.7019727089285798e-06
Q8C0J2,3.6868583279002066e-06
Q8IUX4,3.671353259565762e-06
Q7Z4H7,3.6658876655377397e-06
Q15459,3.6256520109423877e-06
Q9NWZ3,3.5716977241903163e-06
P53779,3.5096908390485265e-06
Q9H3R0,3.4208933305276087e-06
Q6R327,3.419246954995612e-06
P61081,3.311624717557728e-06
Q9H0R8,3.2888536213972544e-06
Q9Y5N1,3.242019626255697e-06
P18089,3.242019626255697e-06
P08172,3.242019626255697e-06
O14862,2.790357910947419e-06
Q92934,2.744478332226281e-06
Q9Y2X0,2.723805706365929e-06
O60244,2.723805706365929e-06
Q6PD62,2.4384205691712516e-06
P25025,2.4022672959773823e-06
Q8WXI9,2.394695540336874e-06
Q99616,2.3625989706351344e-06
Q61091,2.291179790961087e-06
Q80U63,2.039131672001354e-06
O14908,2.0079066531695347e-06
Q02078,1.987377382605897e-06
P08571,1.9162594615310913e-06
Q9UQN3,1.829914173541155e-06
P51825,1.8205444262960109e-06
P61923,1.8118911229125325e-06
P22362,1.772932598035826e-06
O88273,1.7676799235717963e-06
Q92731,1.7576675436073864e-06
Q15544,1.7569179419709043e-06
Q9GZX6,1.7496282040066485e-06
P49278,1.666312575244427e-06
P52272,1.5323132723185212e-06
P25774,1.4996813177199845e-06
Q96S15,1.2497344314333204e-06
O60603,1.2497344314333204e-06
P36894,1.1914134912997652e-06
Q9Y6Y9,1.1664188026710989e-06
Q92542,1.1664188026710989e-06
P80075,1.166113850766629e-06
Q03167,1.138782179061119e-06
P29459,1.0831031739088776e-06
O75044,1.0831031739088776e-06
Q6UX06,1.0499461616099327e-06
Q7L523,9.997875451466563e-07
P97953,9.5995933130542e-07
Q9NXC5,9.164719163844349e-07
P07333,9.164719163844349e-07
B7UI22,9.095697883154077e-07
Q9P0U3,9.010114987594774e-07
Q9UJX2,8.863610747223634e-07
Q8R5C8,8.772919495661908e-07
Q16625,8.331562876222135e-07
O75056,8.217728702125766e-07
Q6ZNE5,8.089608638949005e-07
Q16570,7.776125351140659e-07
P27040,7.748353474886587e-07
Q14061,7.498406588599922e-07
P09341,6.665250300977708e-07
Q8N6F1,6.665250300977708e-07
O95711,6.665250300977708e-07
P10145,6.665250300977708e-07
Q13216,6.519484223991748e-07
P41279,6.464299666703825e-07
P22301,6.248672157166602e-07
Q8TEY7,5.832094013355494e-07
P51671,5.574146181767061e-07
O95714,5.327601650882954e-07
Q16663,5.203154737232404e-07
Q96EK4,4.998937725733282e-07
Q9NY33,4.998937725733282e-07
Q6UX40,4.998937725733282e-07
P24723,4.998937725733282e-07
Q5JTV8,4.998937725733282e-07
Q8IWT6,4.998937725733282e-07
P10747,4.998937725733282e-07
Q8TCY5,4.1657814381110676e-07
Q12860,4.1657814381110676e-07
Q96G30,4.1657814381110676e-07
Q14213,4.1657814381110676e-07
Q99665,4.1657814381110676e-07
Q2VPD4,4.151520964937276e-07
Q60431,4.100504799253372e-07
P25024,4.0269220568406986e-07
Q9JM54,3.8947320566643137e-07
Q811U4,3.8947320566643137e-07
P70444,3.8947320566643137e-07
Q72500,3.7084356041577634e-07
P12034,3.560751276861602e-07
P55075,3.560751276861602e-07
Q96LI5,3.558665842930436e-07
Q6ICR9,3.332625150488854e-07
Q99719,3.332625150488854e-07
Q91YS4,3.332625150488854e-07
Q15019,3.332625150488854e-07
Q62226,3.332625150488854e-07
P51151,3.332625150488854e-07
Q8N4Q1,3.332625150488854e-07
Q9NXV6,3.280777818610345e-07
Q9BV36,2.916047006677747e-07
Q96QK1,2.916047006677747e-07
Q12791,2.499468862866641e-07
P23471,2.499468862866641e-07
Q14116,2.499468862866641e-07
Q13563,2.499468862866641e-07
Q00535,2.499468862866641e-07
P29074,2.499468862866641e-07
Q8IYB4,2.499468862866641e-07
O14508,2.499468862866641e-07
P25786,2.499468862866641e-07
P13726,2.499468862866641e-07
Q96QV1,2.499468862866641e-07
Q9BYF1,2.499468862866641e-07
Q16186,2.0828907190555338e-07
Q64693,1.8607157090229436e-07
Q96BH1,1.7853349020476003e-07
Q96C10,1.7020192732853793e-07
Q92730,1.666312575244427e-07
P63086,1.666312575244427e-07
Q9NNX6,1.666312575244427e-07
P97820,1.666312575244427e-07
Q9UIV1,1.666312575244427e-07
O43157,1.666312575244427e-07
P60568,1.666312575244427e-07
P36507,1.666312575244427e-07
P01024,1.666312575244427e-07
P15085,1.666312575244427e-07
P15311,1.666312575244427e-07
Q92859,1.666312575244427e-07
Q01484,1.666312575244427e-07
Q9H1D9,1.666312575244427e-07
B7UI21,1.626638466310036e-07
Q9BXC9,1.402479750830726e-07
P62314,1.3985123399372868e-07
P62306,1.3985123399372868e-07
P62316,1.3985123399372868e-07
P62304,1.3985123399372868e-07
P62308,1.3985123399372868e-07
P54725,1.3885938127036894e-07
P51003,1.3885938127036894e-07
Q9UM13,1.3637974946196946e-07
Q9BSI4,1.2725470440705955e-07
Q9UKU9,1.2497344314333204e-07
Q86XS5,1.2497344314333204e-07
Q92747,1.1188098719498297e-07
O15511,1.1188098719498297e-07
Q9BPX5,1.1188098719498297e-07
O15143,1.1188098719498297e-07
Q8N1B4,1.1108750501629514e-07
Q14205,1.1108750501629514e-07
P23381,8.331562876222136e-08
O60242,8.331562876222136e-08
O14836,8.331562876222136e-08
P16298,8.331562876222136e-08
Q14247,8.331562876222136e-08
P23510,8.331562876222136e-08
O15409,8.331562876222136e-08
P37840,8.331562876222136e-08
P43246,8.331562876222136e-08
Q04695,8.331562876222136e-08
O75396,8.331562876222136e-08
O75695,8.331562876222136e-08
Q16832,8.331562876222136e-08
Q60994,8.331562876222136e-08
Q8IZD4,8.331562876222136e-08
Q5ZVS2,8.331562876222136e-08
Q06481,8.331562876222136e-08
P01903,8.331562876222136e-08
O43505,8.331562876222136e-08
P63027,8.331562876222136e-08
P35240,8.331562876222136e-08
P54727,8.331562876222136e-08
Q8NE86,8.331562876222136e-08
Q8TAF3,8.331562876222136e-08
P30273,8.331562876222136e-08
P42830,8.331562876222136e-08
Q8IWT0,8.331562876222136e-08
Q3U7R1,8.331562876222136e-08
P62995,8.331562876222136e-08
Q9ERI2,8.331562876222136e-08
Q9UJ41,8.331562876222136e-08
O75689,8.331562876222136e-08
P02775,8.331562876222136e-08
P78423,8.331562876222136e-08
Q99P58,8.331562876222136e-08
Q9CQ20,8.331562876222136e-08
P22700,8.331562876222136e-08
Q9NZQ7,8.331562876222136e-08
P56159,8.331562876222136e-08
Q13112,8.053844113681397e-08
P03182,7.63726596987029e-08
Q96RK4,7.081828444788816e-08
Q7Z7C8,6.248672157166602e-08
Q07325,6.207344960359944e-08
P02778,6.207344960359944e-08
O14625,6.207344960359944e-08
Q16763,5.8320940133554945e-08
P84085,4.860078344462913e-08
Q9BUI4,4.165781438111068e-08
Q64690,4.165781438111068e-08
O35696,4.165781438111068e-08
O75436,4.165781438111068e-08
P13591,4.165781438111068e-08
P97484,4.165781438111068e-08
O15318,4.165781438111068e-08
O15234,3.749203294299961e-08
Q9NUV7,2.7771876254073785e-08
Q8IWY9,2.7771876254073785e-08
Q8NFR3,2.7771876254073785e-08
P62714,2.7771876254073785e-08
Q969W0,2.7771876254073785e-08
P29084,2.7771876254073785e-08
O15270,2.7771876254073785e-08
P61160,2.3804465360634672e-08
P59998,2.3804465360634672e-08
O15145,2.3804465360634672e-08
Q8TAM1,2.082890719055534e-08
Q6IAA8,2.082890719055534e-08
Q99942,0.0
Q9JK11,0.0
P33032,0.0
Q9NPG4,0.0
P41567,0.0
O70552,0.0
Q96EY1,0.0
Q14677,0.0
P26010,0.0
O15123,0.0
Q8IZ21,0.0
P52948,0.0
P14921,0.0
P46061,0.0
Q92478,0.0
P30048,0.0
P70399,0.0
P51878,0.0
P68404,0.0
Q92985,0.0
Q03160,0.0
O14657,0.0
P40223,0.0
Q8IXI2,0.0
Q02248,0.0
Q16627,0.0
P04180,0.0
A8JEA1,0.0
P15336,0.0
Q5U651,0.0
Q7Z3S9,0.0
B2CML4,0.0
P21673,0.0
A0A0R4ISJ3,0.0
O94927,0.0
P52491,0.0
Q6ZVN8,0.0
P31431,0.0
P16152,0.0
Q920B9,0.0
P98078,0.0
P30665,0.0
Q7Z5K2,0.0
Q04724,0.0
P35749,0.0
P53762,0.0
O14933,0.0
P27782,0.0
Q13542,0.0
P62333,0.0
Q15349,0.0
P40967,0.0
Q5SPW0,0.0
Q920Q2,0.0
Q9HB96,0.0
Q70YC5,0.0
Q9UL51,0.0
Q99832,0.0
O43164,0.0
P08865,0.0
Q9UKV3,0.0
Q9TUF9,0.0
Q9D5L7,0.0
Q80Z64,0.0
P15248,0.0
P35613,0.0
Q8VGC3,0.0
D3YRZ7,0.0
Q9ULM6,0.0
Q15024,0.0
O76031,0.0
P24043,0.0
O35973,0.0
Q96JK2,0.0
Q9H840,0.0
Q04323,0.0
Q96CB8,0.0
Q92600,0.0
O95251,0.0
Q92552,0.0
Q9WYW0,0.0
Q960D2,0.0
O15027,0.0
Q16619,0.0
Q7MWG4,0.0
P54645,0.0
O75323,0.0
O14770,0.0
O14656,0.0
Q9Y258,0.0
O14735,0.0
P41968,0.0
O75509,0.0
Q969G5,0.0
P21912,0.0
Q93038,0.0
P04925,0.0
P11308,0.0
O75880,0.0
P13688,0.0
P53297,0.0
Q61180,0.0
Q9BPX6,0.0
Q13765,0.0
Q9UJF2,0.0
Q86YL7,0.0
Q9Y3Z3,0.0
Q9UBE0,0.0
Q9NR28,0.0
Q9UBX5,0.0
Q5W0Q7,0.0
Q8VDU0,0.0
Q92692,0.0
Q2VPB7,0.0
O96000,0.0
Q99104,0.0
P61254,0.0
Q9H9G7,0.0
Q924T7,0.0
O00410,0.0
O70343,0.0
Q5VT52,0.0
Q96BY2,0.0
Q5SYE7,0.0
Q6UUV7,0.0
P25391,0.0
P78344,0.0
P33681,0.0
Q92889,0.0
Q15543,0.0
Q9UBD9,0.0
P62743,0.0
Q05152,0.0
Q8IYV9,0.0
P46933,0.0
P19335,0.0
Q9H6L2,0.0
A4ZNP8,0.0
Q9Y2X3,0.0
O54967,0.0
Q8N2W9,0.0
P29323,0.0
Q04650,0.0
P10767,0.0
P29144,0.0
Q8NA29,0.0
Q13683,0.0
P63037,0.0
Q64359,0.0
Q8QZZ8,0.0
P05129,0.0
P41586,0.0
P60891,0.0
Q69ZU8,0.0
P12980,0.0
Q8R5B6,0.0
P21953,0.0
Q80VP1,0.0
P48553,0.0
Q60972,0.0
Q96AQ8,0.0
Q5JU85,0.0
Q9UMX0,0.0
P49458,0.0
Q96MN2,0.0
Q6KCD5,0.0
P48735,0.0
P07602,0.0
O94972,0.0
D3ZAR1,0.0
P52584,0.0
Q8C456,0.0
Q14563,0.0
P23772,0.0
Q6UN15,0.0
Q9UBS5,0.0
P38432,0.0
Q0VGL1,0.0
Q12980,0.0
P13393,0.0
P62269,0.0
O60333,0.0
O36972,0.0
P22830,0.0
Q5EE38,0.0
Q06413,0.0
O43896,0.0
O15400,0.0
P49137,0.0
P28845,0.0
Q99NH2,0.0
Q6IQ20,0.0
P51114,0.0
P32881,0.0
P27352,0.0
Q7Z417,0.0
Q61337,0.0
Q9R1B9,0.0
Q62897,0.0
P28028,0.0
P14142,0.0
Q9D0A0,0.0
Q9ERG0,0.0
Q96RU8,0.0
Q7LC44,0.0
Q9UGM1,0.0
P51684,0.0
O57464,0.0
Q9BZE1,0.0
Q04511,0.0
Q8IXB1,0.0
Q9Y5U5,0.0
Q9UNL4,0.0
O43294,0.0
Q15811,0.0
P14907,0.0
O75865,0.0
P51670,0.0
Q9BW66,0.0
O55005,0.0
O43889,0.0
P12277,0.0
Q8C1B1,0.0
P30429,0.0
P19532,0.0
Q7Z333,0.0
Q8UWD4,0.0
O14966,0.0
P26992,0.0
Q9P0U4,0.0
Q7Z6G8,0.0
Q9UGI0,0.0
Q92522,0.0
Q8Z6A7,0.0
Q9UQ80,0.0
Q13568,0.0
P63017,0.0
P43308,0.0
Q9Y572,0.0
P28300,0.0
P05091,0.0
P35585,0.0
P30154,0.0
P01033,0.0
Q8IXK0,0.0
P10243,0.0
P48436,0.0
Q16667,0.0
P26806,0.0
P15509,0.0
O00141,0.0
B2RQC6,0.0
Q99717,0.0
Q61699,0.0
P21741,0.0
Q9ULV4,0.0
P15498,0.0
Q6NZM9,0.0
P48059,0.0
P51153,0.0
Q4FZB7,0.0
Q9HBL8,0.0
P02489,0.0
Q8IXJ6,0.0
Q16621,0.0
P61247,0.0
P98161,0.0
Q5FWF5,0.0
Q9P0N5,0.0
Q9H4B6,0.0
P24001,0.0
Q28181,0.0
Q91W69,0.0
Q99459,0.0
P70191,0.0
P0A2M9,0.0
Q96MU8,0.0
Q01130,0.0
P41250,0.0
Q8IZJ1,0.0
Q12972,0.0
Q9H244,0.0
Q15059,0.0
Q9NQX3,0.0
Q9JIZ5,0.0
P08551,0.0
P45974,0.0
Q9UNZ5,0.0
Q9NRI5,0.0
Q9H9A5,0.0
P24593,0.0
Q9NUG6,0.0
Q9BUZ4,0.0
Q802A9,0.0
Q7Z4S6,0.0
A6NIH7,0.0
O43921,0.0
Q5SPL2,0.0
P53539,0.0
Q8N8U9,0.0
Q92526,0.0
Q07866,0.0
O14669,0.0
Q811T9,0.0
P11279,0.0
P09622,0.0
P28322,0.0
O00232,0.0
Q9Y2S0,0.0
Q9NVF7,0.0
P30203,0.0
P26447,0.0
O08785,0.0
Q9H8S9,0.0
P35829,0.0
Q01813,0.0
Q9UK99,0.0
Q13490,0.0
Q4W5X0,0.0
P09581,0.0
Q71RG4,0.0
Q9BUH6,0.0
Q6ZRS2,0.0
Q92748,0.0
Q9Y4D1,0.0
Q8N3Y3,0.0
Q9WTX6,0.0
Q15678,0.0
P52943,0.0
Q15435,0.0
Q13200,0.0
Q91ZW3,0.0
Q14CX7,0.0
Q9BY44,0.0
Q9JIH2,0.0
P36046,0.0
Q63198,0.0
O14497,0.0
Q8WTW4,0.0
Q15147,0.0
P41180,0.0
P53778,0.0
P40335,0.0
Q96A54,0.0
Q9Y243,0.0
Q6ZU65,0.0
Q62824,0.0
O14595,0.0
Q9BRT9,0.0
P42704,0.0
O35082,0.0
O75170,0.0
P32233,0.0
P15207,0.0
Q9NZ09,0.0
P04625,0.0
Q14498,0.0
Q96GM5,0.0
Q01973,0.0
P51795,0.0
O15212,0.0
Q9I9A7,0.0
P62494,0.0
Q5JRX3,0.0
Q15771,0.0
Q10570,0.0
P15514,0.0
P63005,0.0
Q8VBV4,0.0
P22314,0.0
Q02218,0.0
Q03252,0.0
O08538,0.0
Q99689,0.0
Q5VTQ0,0.0
Q924A2,0.0
Q2M3G4,0.0
Q8IWI9,0.0
Q9H334,0.0
Q7TNC6,0.0
A7U8D2,0.0
P15374,0.0
Q04726,0.0
P19419,0.0
P47825,0.0
P15408,0.0
P08236,0.0
P63098,0.0
Q9JJY3,0.0
Q8NB16,0.0
O35867,0.0
Q92785,0.0
P63058,0.0
Q96B86,0.0
Q01705,0.0
Q6P1X5,0.0
P10085,0.0
P23198,0.0
O14514,0.0
Q9BT43,0.0
P18654,0.0
Q8TEW8,0.0
Q8IZH2,0.0
P28472,0.0
P29460,0.0
Q5TAQ9,0.0
P36954,0.0
P38159,0.0
A9QPL8,0.0
P21281,0.0
O43716,0.0
P32558,0.0
O95822,0.0
Q9UQ16,0.0
O14936,0.0
Q62245,0.0
Q9Y657,0.0
Q9NZD2,0.0
Q8NE71,0.0
P42695,0.0
P02794,0.0
Q96KP1,0.0
Q9ES74,0.0
O75815,0.0
O00461,0.0
Q6GN08,0.0
Q15637,0.0
Q9NRX4,0.0
Q02242,0.0
Q9Y2L5,0.0
Q92918,0.0
Q8WVM7,0.0
Q6PF93,0.0
Q01968,0.0
Q8IUC6,0.0
P28290,0.0
O60318,0.0
P21605,0.0
P47863,0.0
Q86SQ0,0.0
P01588,0.0
P26450,0.0
P31371,0.0
Q9H5Q4,0.0
Q6NXK8,0.0
O60907,0.0
Q62622,0.0
P05023,0.0
P0C6U8,0.0
P32418,0.0
Q6P2C8,0.0
O43633,0.0
Q01534,0.0
Q9Y285,0.0
Q9WU42,0.0
O75122,0.0
P05111,0.0
Q96Q45,0.0
P20592,0.0
Q8TCN5,0.0
Q96F15,0.0
Q9BV73,0.0
P49459,0.0
P00546,0.0
Q8K4S1,0.0
P03231,0.0
Q9NS87,0.0
Q15011,0.0
Q9UBP0,0.0
Q93KQ6,0.0
P08413,0.0
Q92925,0.0
Q9BUW7,0.0
Q9NZI2,0.0
Q96K21,0.0
Q9BTC8,0.0
P84103,0.0
Q96MW7,0.0
Q86U70,0.0
Q9WUD1,0.0
Q92800,0.0
P00966,0.0
Q9UBS4,0.0
P18464,0.0
O00213,0.0
Q9CW03,0.0
P47811,0.0
Q5VWQ8,0.0
P08620,0.0
Q8WX92,0.0
E2RZS2,0.0
P09382,0.0
Q01668,0.0
P30101,0.0
Q56061,0.0
P50748,0.0
Q6ZQ88,0.0
P82664,0.0
P21856,0.0
Q96EA4,0.0
Q9BXN2,0.0
Q14204,0.0
Q03173,0.0
A0JLT2,0.0
A6ND01,0.0
Q9UIB8,0.0
P15559,0.0
Q9BT25,0.0
O88508,0.0
P43432,0.0
P17156,0.0
Q9FNE9,0.0
O70361,0.0
Q9QXD8,0.0
P30279,0.0
P18858,0.0
Q9NZ52,0.0
Q14019,0.0
Q8IV48,0.0
Q9HAH7,0.0
O43504,0.0
Q9ULJ7,0.0
P10398,0.0
Q6ZVD8,0.0
Q92698,0.0
P11310,0.0
Q8R5A0,0.0
P05198,0.0
O96013,0.0
Q86UY6,0.0
Q9Y478,0.0
P42226,0.0
P07339,0.0
O14727,0.0
P47877,0.0
P20651,0.0
O75843,0.0
Q96HT8,0.0
Q57236,0.0
O14776,0.0
Q99720,0.0
Q9BUJ2,0.0
Q05639,0.0
P63172,0.0
Q29983,0.0
Q8ZQ79,0.0
Q8R1H0,0.0
Q8N264,0.0
Q68CZ6,0.0
Q96CG3,0.0
P31994,0.0
Q9UPT5,0.0
O00762,0.0
Q06787,0.0
Q9DHW0,0.0
Q9UBN6,0.0
O00712,0.0
P29965,0.0
Q9JI10,0.0
Q16873,0.0
P28370,0.0
A1YPR0,0.0
P60605,0.0
Q63755,0.0
Q04199,0.0
Q9ULK4,0.0
P40225,0.0
Q659C4,0.0
P23204,0.0
P32300,0.0
Q8VC56,0.0
Q86WI1,0.0
Q99570,0.0
P43357,0.0
Q9Y4A5,0.0
Q9Y296,0.0
P45984,0.0
P02795,0.0
Q13347,0.0
P51654,0.0
P16092,0.0
O70405,0.0
P04499,0.0
Q9NQ88,0.0
O00194,0.0
P11762,0.0
P12814,0.0
Q16629,0.0
Q9UBF8,0.0
P41136,0.0
Q3LXA3,0.0
Q96PK6,0.0
Q6ZQ08,0.0
P32883,0.0
P62487,0.0
P41832,0.0
P22091,0.0
Q9Y698,0.0
O94906,0.0
P00797,0.0
Q9ULT8,0.0
Q62145,0.0
O55128,0.0
Q9Y4B4,0.0
P55258,0.0
Q8NEV9,0.0
P01857,0.0
P30504,0.0
Q9Y5S8,0.0
P31001,0.0
Q12834,0.0
Q03348,0.0
P25961,0.0
P35569,0.0
Q15118,0.0
P21579,0.0
Q9HAR2,0.0
P13051,0.0
P05166,0.0
P04985,0.0
P00749,0.0
Q99257,0.0
P38862,0.0
P53990,0.0
Q9C0K0,0.0
Q96B02,0.0
Q5NBX1,0.0
Q61143,0.0
Q99435,0.0
Q96F86,0.0
P88981,0.0
P54646,0.0
Q9JI59,0.0
Q07652,0.0
P68871,0.0
Q9Z277,0.0
Q9Y385,0.0
P23634,0.0
Q14141,0.0
Q16875,0.0
O43491,0.0
P43490,0.0
P02454,0.0
B1WBR1,0.0
P43558,0.0
Q68DK7,0.0
Q9Y5K5,0.0
P18847,0.0
Q03351,0.0
Q8TAD8,0.0
P41273,0.0
Q07954,0.0
Q6GQT6,0.0
P40087,0.0
P05132,0.0
Q8I3V5,0.0
P56857,0.0
Q92569,0.0
Q9NZN5,0.0
Q14106,0.0
P39745,0.0
Q6P8Y7,0.0
P68104,0.0
P67812,0.0
Q9Y5W5,0.0
Q9BQB4,0.0
P03956,0.0
Q9EP97,0.0
P42346,0.0
P28827,0.0
Q9WTK7,0.0
Q8IXW5,0.0
Q13075,0.0
O43741,0.0
Q8N5D0,0.0
O14939,0.0
P46677,0.0
P43121,0.0
O75844,0.0
Q6PGF3,0.0
Q13224,0.0
O60936,0.0
A0FGR9,0.0
P69284,0.0
P62917,0.0
P39688,0.0
P26188,0.0
Q91YI1,0.0
P78552,0.0
P59768,0.0
Q15475,0.0
Q99NB1,0.0
Q9Z0Y9,0.0
Q9NS37,0.0
Q8N488,0.0
P62945,0.0
P04896,0.0
Q9C0A0,0.0
Q9NRL2,0.0
Q86VE9,0.0
Q96L73,0.0
Q9Y5R6,0.0
E9PWH2,0.0
Q9BSJ8,0.0
Q8N697,0.0
Q63932,0.0
Q14765,0.0
O60264,0.0
P49643,0.0
O60238,0.0
Q91X05,0.0
O75832,0.0
Q08345,0.0
Q12996,0.0
P40344,0.0
Q13643,0.0
Q9BVG8,0.0
P43488,0.0
Q9WU84,0.0
P43235,0.0
Q96SB4,0.0
Q9Y566,0.0
Q8AZK7,0.0
Q15013,0.0
Q12830,0.0
Q2GJL5,0.0
P32239,0.0
Q9Y4X3,0.0
O00408,0.0
Q70CQ3,0.0
P15173,0.0
Q9BZQ4,0.0
Q96K62,0.0
P52435,0.0
Q6STE5,0.0
Q8CII8,0.0
Q96FE5,0.0
Q9CQJ2,0.0
Q96GS4,0.0
Q5T2D3,0.0
Q8IY57,0.0
Q9Y5B9,0.0
P49238,0.0
Q99828,0.0
P10451,0.0
P32519,0.0
O95292,0.0
Q80UW2,0.0
O43543,0.0
P02533,0.0
P32245,0.0
P13984,0.0
Q8NDF8,0.0
Q9Z0S6,0.0
Q8IY63,0.0
Q9BZW8,0.0
Q8C669,0.0
Q9H497,0.0
P30519,0.0
P20702,0.0
Q9UL15,0.0
Q9UKT9,0.0
Q8N138,0.0
Q91ZK0,0.0
Q9XVR6,0.0
Q14242,0.0
Q9CZW6,0.0
Q9NQB0,0.0
Q9ULG1,0.0
P14210,0.0
P28676,0.0
O43684,0.0
Q15819,0.0
Q15631,0.0
Q62799,0.0
O95639,0.0
P78559,0.0
P11532,0.0
B0BLW3,0.0
P01569,0.0
P61019,0.0
P27930,0.0
Q06278,0.0
P13405,0.0
Q6ZN18,0.0
Q8TD31,0.0
Q3UHD6,0.0
P20639,0.0
Q9NYG5,0.0
Q9NTJ3,0.0
P31424,0.0
O95396,0.0
P22392,0.0
D2TT37,0.0
P50503,0.0
Q9Y2W6,0.0
O15551,0.0
Q8C0P5,0.0
O15455,0.0
Q86V48,0.0
P13765,0.0
P21731,0.0
Q9H1H9,0.0
O75771,0.0
Q6Q477,0.0
Q7M022,0.0
P99999,0.0
Q9NYY3,0.0
P68511,0.0
O75030,0.0
Q83730,0.0
A8T7D5,0.0
Q9BYG3,0.0
Q60838,0.0
Q52LJ0,0.0
Q99807,0.0
Q6ZWQ0,0.0
P04083,0.0
A4QP34,0.0
O14662,0.0
Q15329,0.0
O14818,0.0
Q8IYH5,0.0
P43686,0.0
O14798,0.0
Q9NZ45,0.0
P06931,0.0
Q96QT6,0.0
Q60610,0.0
O60353,0.0
P29374,0.0
P35408,0.0
Q9H0E9,0.0
P19235,0.0
P02743,0.0
P84228,0.0
P00491,0.0
P15873,0.0
P42701,0.0
P68466,0.0
Q86YF9,0.0
Q10741,0.0
Q13627,0.0
Q9HBA0,0.0
Q92854,0.0
P05109,0.0
Q96CS2,0.0
O95817,0.0
P01563,0.0
Q9NQC3,0.0
Q9BXK5,0.0
P11345,0.0
Q07864,0.0
P06340,0.0
O00631,0.0
Q9HCG8,0.0
P06454,0.0
P49817,0.0
P12235,0.0
Q13637,0.0
Q92896,0.0
Q9UHD9,0.0
Q9UNG2,0.0
P10071,0.0
O75417,0.0
Q96MS0,0.0
Q9H2X0,0.0
Q13895,0.0
Q969T9,0.0
Q92922,0.0
P98083,0.0
P49791,0.0
Q60644,0.0
Q14964,0.0
Q9Y2B0,0.0
P46099,0.0
Q92956,0.0
Q15008,0.0
P14621,0.0
B1INP5,0.0
B7UM99,0.0
Q9UBG7,0.0
Q96KK5,0.0
Q7Z7A1,0.0
Q99873,0.0
Q9NZD4,0.0
Q9Y2G4,0.0
Q6PFX9,0.0
Q9NX02,0.0
O88509,0.0
Q9Z1W9,0.0
P60763,0.0
P97318,0.0
P02687,0.0
Q9QX47,0.0
Q9NZU0,0.0
Q8NBS9,0.0
O75127,0.0
P05141,0.0
Q02817,0.0
Q9NXR8,0.0
Q8ZNG2,0.0
Q6ZVM7,0.0
O43739,0.0
Q8NFG4,0.0
O15371,0.0
P22001,0.0
Q15256,0.0
Q9QZ88,0.0
Q76LX8,0.0
Q16552,0.0
P06104,0.0
P78380,0.0
Q9UMR2,0.0
Q9Y5M8,0.0
Q9P1Y5,0.0
Q9NPJ4,0.0
P40937,0.0
Q6URK6,0.0
Q8NHV4,0.0
Q92913,0.0
P0A0L2,0.0
P09012,0.0
Q9UJM3,0.0
Q8GZB6,0.0
Q13976,0.0
O35344,0.0
Q9NY65,0.0
Q96I24,0.0
Q08639,0.0
P50539,0.0
P88997,0.0
Q5T6F0,0.0
Q9UBU2,0.0
P50615,0.0
Q9UIG0,0.0
O95185,0.0
O73557,0.0
O00175,0.0
Q09428,0.0
Q9NPI7,0.0
P08775,0.0
Q4VCS5,0.0
Q9NZS2,0.0
Q03052,0.0
Q08116,0.0
Q6P9F7,0.0
Q8I2J4,0.0
O94925,0.0
P62424,0.0
P0CW72,0.0
O00743,0.0
Q96D46,0.0
P17210,0.0
P82094,0.0
P62942,0.0
Q5XLA6,0.0
P49418,0.0
O14929,0.0
Q9Z2G6,0.0
Q7Z589,0.0
P27708,0.0
Q9Y6H5,0.0
O43918,0.0
Q92499,0.0
O75822,0.0
Q9UK80,0.0
Q5TEA3,0.0
Q6PJ61,0.0
P04908,0.0
Q7Z419,0.0
Q8N680,0.0
Q15629,0.0
Q07011,0.0
Q12809,0.0
B2RUR8,0.0
O88792,0.0
P26038,0.0
P16615,0.0
Q5VSY0,0.0
Q04771,0.0
P01552,0.0
Q13085,0.0
Q8VSD5,0.0
P23573,0.0
P30309,0.0
P56716,0.0
Q8NFW9,0.0
P50148,0.0
Q13084,0.0
Q6UXV4,0.0
Q7Z392,0.0
Q9YGY0,0.0
Q12154,0.0
Q9H9Q2,0.0
Q9BRJ2,0.0
Q9UGU5,0.0
P35348,0.0
P06492,0.0
P52597,0.0
P42703,0.0
O08807,0.0
Q9H0W5,0.0
P40238,0.0
Q92560,0.0
Q6ZWS8,0.0
P12319,0.0
P18564,0.0
Q8WVC0,0.0
Q8BVQ5,0.0
Q15005,0.0
Q96LR5,0.0
Q9H1J1,0.0
P11171,0.0
O00139,0.0
P51636,0.0
P06788,0.0
P31498,0.0
P23396,0.0
Q9UKK6,0.0
O00506,0.0
P16220,0.0
O14879,0.0
Q80TQ2,0.0
P61925,0.0
Q7Z3E2,0.0
Q9BVJ6,0.0
Q9H6W3,0.0
P29972,0.0
P54105,0.0
Q9UQC2,0.0
P11498,0.0
Q69YQ0,0.0
U5KVR9,0.0
P07237,0.0
Q7Z6J0,0.0
Q13428,0.0
P26641,0.0
Q6IBW4,0.0
Q7Z6E9,0.0
Q9BUQ8,0.0
P60006,0.0
Q6P4T3,0.0
Q9BSL1,0.0
P40227,0.0
Q06546,0.0
P11142,0.0
P12270,0.0
P16435,0.0
Q13243,0.0
O70511,0.0
P40938,0.0
P61106,0.0
Q86X55,0.0
Q9WTI7,0.0
P40136,0.0
Q13813,0.0
O60879,0.0
P0CF65,0.0
P35398,0.0
P35354,0.0
O75791,0.0
Q9UNM6,0.0
P21589,0.0
Q9UM47,0.0
O96561,0.0
Q03142,0.0
P08709,0.0
O95727,0.0
Q71U36,0.0
Q3MJ40,0.0
Q12769,0.0
P01594,0.0
Q9D8N0,0.0
Q14738,0.0
Q13077,0.0
Q96DX5,0.0
O14931,0.0
Q9UBN7,0.0
P05165,0.0
O96019,0.0
Q9H9Q4,0.0
Q9BYN0,0.0
Q14318,0.0
P01108,0.0
Q08J23,0.0
Q9P2R6,0.0
O43159,0.0
O14607,0.0
Q8NI22,0.0
O15354,0.0
O89110,0.0
P01589,0.0
Q96CN5,0.0
P97792,0.0
Q9BW61,0.0
P60604,0.0
Q61033,0.0
Q16623,0.0
Q9NV56,0.0
Q9UKG1,0.0
P49769,0.0
Q7BMV7,0.0
Q6WBX7,0.0
Q9NUS5,0.0
P49869,0.0
P03211,0.0
Q16342,0.0
D5MTH0,0.0
O09053,0.0
P02776,0.0
P26951,0.0
P19875,0.0
Q9Y5R8,0.0
Q01718,0.0
Q08048,0.0
Q9CSN1,0.0
P10686,0.0
Q9H221,0.0
P32561,0.0
O94985,0.0
Q9HCU9,0.0
P49870,0.0
P63101,0.0
Q8WTT0,0.0
P02748,0.0
P63244,0.0
Q9UNQ0,0.0
Q9NTI5,0.0
P49715,0.0
Q13336,0.0
Q01726,0.0
Q63155,0.0
Q6DFI7,0.0
O18734,0.0
Q96HS1,0.0
O14972,0.0
O43665,0.0
Q60641,0.0
P19484,0.0
Q9EPK5,0.0
O00165,0.0
P55197,0.0
Q14674,0.0
Q86YP4,0.0
O43242,0.0
Q8IVH8,0.0
Q9UHK0,0.0
Q96AJ9,0.0
Q9BX63,0.0
Q8TAP4,0.0
O43173,0.0
Q5ZVF7,0.0
P28908,0.0
Q15599,0.0
P13164,0.0
P49750,0.0
Q9HCE5,0.0
O55236,0.0
O14893,0.0
Q9UQB3,0.0
A0AVT1,0.0
O43542,0.0
O94782,0.0
Q96DA6,0.0
Q9NZV1,0.0
P10589,0.0
Q9U299,0.0
Q496J9,0.0
Q9UNN5,0.0
Q49AN0,0.0
Q9NPD8,0.0
Q9Y5S9,0.0
Q9QXE7,0.0
P84244,0.0
P52286,0.0
Q80WQ6,0.0
Q14627,0.0
Q9NZU7,0.0
P48003,0.0
P70218,0.0
Q01826,0.0
Q15120,0.0
P48443,0.0
Q8T045,0.0
Q9Y3B4,0.0
Q66793,0.0
P04839,0.0
P05423,0.0
Q03137,0.0
P63272,0.0
Q8IY67,0.0
P01132,0.0
Q02629,0.0
P61421,0.0
Q86SZ2,0.0
Q91X58,0.0
P55201,0.0
F8W7T7,0.0
P15813,0.0
Q86Y01,0.0
Q8VDD5,0.0
P51693,0.0
Q9NPB6,0.0
Q9Y6P5,0.0
P02788,0.0
P39905,0.0
P00742,0.0
Q3U4G3,0.0
Q13889,0.0
P15646,0.0
P17677,0.0
P50991,0.0
Q9BZF9,0.0
Q8TDX7,0.0
Q6PAL8,0.0
Q8CDJ3,0.0
P53999,0.0
P56545,0.0
P51943,0.0
P49327,0.0
O41963,0.0
P24390,0.0
Q80W00,0.0
Q8ZNR3,0.0
Q99426,0.0
Q1XH17,0.0
P98171,0.0
Q9NZZ3,0.0
P56856,0.0
Q15562,0.0
Q92995,0.0
Q9Y520,0.0
Q80UV9,0.0
Q9UBK8,0.0
P39008,0.0
Q9NVR2,0.0
P49771,0.0
Q9H2P0,0.0
Q8NC51,0.0
P41910,0.0
Q5X159,0.0
P50053,0.0
P26233,0.0
Q96E22,0.0
Q9UHV7,0.0
O43323,0.0
P53235,0.0
P26687,0.0
P23246,0.0
Q6KC79,0.0
P45381,0.0
Q4JR05,0.0
Q12965,0.0
Q07869,0.0
Q9ULX6,0.0
Q9P2M7,0.0
Q8N2H9,0.0
O94761,0.0
O43719,0.0
Q9NY59,0.0
A6NKD9,0.0
Q08462,0.0
Q9Y3M2,0.0
P01574,0.0
P97333,0.0
Q15906,0.0
Q9NS28,0.0
P09917,0.0
Q01085,0.0
Q8WXD2,0.0
Q9CQ39,0.0
Q8TD16,0.0
Q8IXH7,0.0
P32119,0.0
P35250,0.0
Q08722,0.0
Q9H7E2,0.0
Q923E4,0.0
P70343,0.0
P61968,0.0
P48643,0.0
P22227,0.0
O15273,0.0
P06276,0.0
P16778,0.0
Q91YE6,0.0
P01008,0.0
O88700,0.0
O55043,0.0
P41159,0.0
P58004,0.0
Q9NVA2,0.0
Q99497,0.0
Q68CP9,0.0
P54577,0.0
P00772,0.0
Q6Q1S2,0.0
Q6NXW6,0.0
Q9BZF1,0.0
P48960,0.0
Q9BS18,0.0
Q9BXB1,0.0
Q800Q4,0.0
Q9HCE7,0.0
Q24368,0.0
Q13156,0.0
Q8WXF7,0.0
P81274,0.0
P28799,0.0
Q99259,0.0
P32971,0.0
P38890,0.0
P97812,0.0
O89343,0.0
Q9BYB0,0.0
O76003,0.0
Q8IVH2,0.0
Q8C6B2,0.0
Q23993,0.0
Q9H3P2,0.0
Q9QZQ1,0.0
Q9H0H0,0.0
Q9Y3I0,0.0
Q9BRP8,0.0
P35368,0.0
P02730,0.0
O08863,0.0
P11717,0.0
P60710,0.0
O35274,0.0
P16471,0.0
O75874,0.0
O13563,0.0
Q9UGP5,0.0
P17693,0.0
Q99594,0.0
Q8K4J6,0.0
O54918,0.0
Q8VEB1,0.0
O75618,0.0
P41226,0.0
P55087,0.0
P08123,0.0
P98156,0.0
Q61316,0.0
P54284,0.0
Q96SB8,0.0
Q15468,0.0
Q58A45,0.0
Q16795,0.0
Q9UGN5,0.0
P18583,0.0
O82882,0.0
P25491,0.0
O75486,0.0
P08228,0.0
Q14416,0.0
P55735,0.0
P30990,0.0
Q9UJX4,0.0
Q9XSM3,0.0
O54724,0.0
Q9Z3B6,0.0
P20839,0.0
Q9UQM7,0.0
Q16760,0.0
P47813,0.0
O15131,0.0
O15209,0.0
Q9BVC4,0.0
A5PLN9,0.0
Q03555,0.0
P20309,0.0
Q9HBM1,0.0
O54864,0.0
Q86XR7,0.0
P15941,0.0
Q8WVT3,0.0
Q13163,0.0
Q9Y5K6,0.0
P41221,0.0
Q3UHK8,0.0
P97299,0.0
Q8ML92,0.0
P14416,0.0
Q62656,0.0
A2AUM9,0.0
P15127,0.0
Q01113,0.0
P12081,0.0
P0C0L5,0.0
P61086,0.0
P62881,0.0
P23415,0.0
Q9NY25,0.0
P29033,0.0
Q6NSJ5,0.0
P48444,0.0
Q5JVF3,0.0
O75716,0.0
P78504,0.0
Q8TEP8,0.0
P53992,0.0
Q01638,0.0
Q06643,0.0
P18113,0.0
P36876,0.0
P07320,0.0
Q8NEY8,0.0
O60499,0.0
Q15388,0.0
Q8TF40,0.0
Q9NZI8,0.0
Q9UK73,0.0
Q8CFN5,0.0
P37108,0.0
Q9P0J0,0.0
Q9H0R1,0.0
Q9UBU7,0.0
Q9NR97,0.0
O00291,0.0
P55064,0.0
P27732,0.0
P52789,0.0
Q8VI24,0.0
P04234,0.0
O75113,0.0
P32505,0.0
Q9Y6X3,0.0
O94979,0.0
Q00597,0.0
P47876,0.0
A7U8D3,0.0
P15529,0.0
P31314,0.0
Q9BTP7,0.0
P21554,0.0
P31947,0.0
P07357,0.0
P16144,0.0
P02538,0.0
P70388,0.0
Q60855,0.0
Q8IWA4,0.0
Q29ST3,0.0
Q14901,0.0
P09681,0.0
Q03933,0.0
O00499,0.0
Q13432,0.0
Q8IY34,0.0
Q969G6,0.0
P47879,0.0
Q12789,0.0
O95747,0.0
Q924H2,0.0
P13804,0.0
P25705,0.0
P26361,0.0
Q8TDQ0,0.0
P23468,0.0
O95782,0.0
Q95460,0.0
Q7BQ98,0.0
Q9UGM3,0.0
P62068,0.0
Q9UGL1,0.0
Q9UHB9,0.0
Q9Y5I7,0.0
Q8R4I7,0.0
O60337,0.0
Q9Y2R2,0.0
P25801,0.0
P10997,0.0
Q9BXH1,0.0
Q8N1L9,0.0
Q9GZS3,0.0
O95373,0.0
Q9BPX3,0.0
Q6VAB6,0.0
P16989,0.0
P13677,0.0
Q13573,0.0
P62871,0.0
A5PJW8,0.0
Q9Y5W3,0.0
P70302,0.0
O15394,0.0
O96433,0.0
Q61656,0.0
P29994,0.0
P55317,0.0
Q9Y6R1,0.0
P22303,0.0
Q96EF0,0.0
Q71F23,0.0
O15397,0.0
P32527,0.0
O08852,0.0
Q07478,0.0
Q3V6T2,0.0
P55060,0.0
P07141,0.0
Q99152,0.0
P0CE12,0.0
Q9H6P5,0.0
O00755,0.0
P63167,0.0
Q00566,0.0
P50990,0.0
P05480,0.0
P26231,0.0
Q92828,0.0
O14734,0.0
A4D2P6,0.0
Q15165,0.0
Q9Y3I1,0.0
Q3U6Q4,0.0
Q99K10,0.0
O95613,0.0
P52564,0.0
Q7L1W4,0.0
Q8WYH8,0.0
Q9UPX8,0.0
P26232,0.0
P49763,0.0
P43487,0.0
Q8NBT2,0.0
Q6J8I9,0.0
Q95KV1,0.0
O00443,0.0
Q8IWB9,0.0
Q9WTX5,0.0
O00180,0.0
Q62074,0.0
O95136,0.0
O60716,0.0
Q9NUJ1,0.0
P20428,0.0
O88850,0.0
Q8BHJ5,0.0
Q96QG7,0.0
Q9D8B7,0.0
Q9NQR1,0.0
P34982,0.0
Q92890,0.0
P63166,0.0
O75330,0.0
P17095,0.0
Q9SJF3,0.0
Q12899,0.0
Q9H7M9,0.0
Q9H7X0,0.0
Q6ZW49,0.0
Q13242,0.0
Q99729,0.0
P49590,0.0
Q562F6,0.0
Q86U44,0.0
Q9BT67,0.0
Q2KRZ4,0.0
Q9UMS4,0.0
Q9P021,0.0
Q96K76,0.0
P41164,0.0
Q8WXD9,0.0
Q9NVI7,0.0
P49802,0.0
O75582,0.0
P42262,0.0
P31938,0.0
Q13232,0.0
P07437,0.0
Q6PGQ7,0.0
O15062,0.0
O60894,0.0
Q01694,0.0
Q01081,0.0
Q9ULD0,0.0
Q9C0J9,0.0
Q00722,0.0
P25799,0.0
Q15836,0.0
O14737,0.0
P68951,0.0
Q91WC1,0.0
Q9ESN6,0.0
O75311,0.0
P22290,0.0
O15431,0.0
Q9UGJ1,0.0
P52798,0.0
P04229,0.0
Q96ST8,0.0
Q99880,0.0
Q8R3L8,0.0
Q8N1F7,0.0
Q10589,0.0
Q8IXN4,0.0
Q9NVX0,0.0
Q86VN1,0.0
P01215,0.0
Q9UDY8,0.0
O60832,0.0
Q99JA0,0.0
P00439,0.0
Q9HCK8,0.0
P54311,0.0
P30989,0.0
P02741,0.0
Q96DE5,0.0
P52756,0.0
O43432,0.0
P42167,0.0
P62195,0.0
O41927,0.0
Q16566,0.0
Q14654,0.0
P19659,0.0
P06725,0.0
Q51451,0.0
P15882,0.0
Q582G4,0.0
Q8IYD8,0.0
O88351,0.0
P23572,0.0
P34021,0.0
P11177,0.0
P14324,0.0
Q8AZ57,0.0
Q3U0V2,0.0
O15554,0.0
P05112,0.0
Q9R8E4,0.0
Q8N201,0.0
P55011,0.0
Q969R5,0.0
P09616,0.0
Q8K4K2,0.0
P57730,0.0
P36871,0.0
P41597,0.0
Q8NFZ5,0.0
O41956,0.0
Q16526,0.0
O00254,0.0
P19332,0.0
Q9QMH9,0.0
Q64507,0.0
P01019,0.0
Q9HBL0,0.0
Q86WV5,0.0
Q86SX3,0.0
P52630,0.0
Q9JK66,0.0
Q9BST9,0.0
O43324,0.0
P20152,0.0
Q9Y371,0.0
Q14966,0.0
Q9M548,0.0
Q12756,0.0
P25325,0.0
Q7L7X3,0.0
P52306,0.0
P37172,0.0
Q9ULD9,0.0
O00159,0.0
Q01887,0.0
Q9Y4X5,0.0
P40259,0.0
Q92502,0.0
Q96RK0,0.0
P14653,0.0
O75643,0.0
P14174,0.0
Q16790,0.0
Q9UKT8,0.0
Q6ZMJ4,0.0
P04843,0.0
O75531,0.0
Q92736,0.0
Q96HI0,0.0
Q1PHM6,0.0
Q9Y5Q8,0.0
P46406,0.0
Q9GZT9,0.0
Q9PVK1,0.0
O43187,0.0
A4D1B5,0.0
Q9W1K5,0.0
P08559,0.0
Q8IUQ4,0.0
O88485,0.0
O13144,0.0
Q969G2,0.0
Q9JIB6,0.0
Q99504,0.0
P67809,0.0
Q9NR96,0.0
P17150,0.0
Q60769,0.0
Q8WXF1,0.0
Q7L804,0.0
Q13404,0.0
Q9H082,0.0
Q66GS9,0.0
P54259,0.0
P30999,0.0
Q5TZA2,0.0
Q96D96,0.0
O60609,0.0
Q13489,0.0
O15243,0.0
P17861,0.0
P24844,0.0
Q9UL25,0.0
Q86VP1,0.0
Q9Y496,0.0
Q9Y2Q3,0.0
Q86TM6,0.0
O35618,0.0
Q9H6D7,0.0
Q15561,0.0
Q9JII7,0.0
P06766,0.0
P31941,0.0
Q9D646,0.0
P61073,0.0
P97369,0.0
Q5JU69,0.0
P22914,0.0
Q27272,0.0
Q4JIM5,0.0
P54287,0.0
P25685,0.0
P48740,0.0
P06726,0.0
O41939,0.0
Q9Y2U5,0.0
Q9NVR5,0.0
P58546,0.0
O00167,0.0
Q61730,0.0
P58005,0.0
Q9HAV4,0.0
P01562,0.0
Q9Z2X2,0.0
Q7TQJ8,0.0
Q9H222,0.0
Q61851,0.0
O95071,0.0
F5H9D8,0.0
Q9P209,0.0
O00522,0.0
P01317,0.0
Q15428,0.0
P43355,0.0
Q13748,0.0
P42263,0.0
P01854,0.0
Q2VPK5,0.0
P04910,0.0
O75665,0.0
P03170,0.0
Q9UNS1,0.0
Q495M9,0.0
P97947,0.0
Q9UPQ9,0.0
Q5DW34,0.0
Q9UBQ0,0.0
P09914,0.0
O96020,0.0
P22897,0.0
Q9Y2V7,0.0
Q8WVL7,0.0
Q8R418,0.0
Q24325,0.0
P06702,0.0
Q9UII4,0.0
Q9NXB0,0.0
Q14315,0.0
Q9UNF1,0.0
O60942,0.0
Q07832,0.0
O61735,0.0
Q9JHI9,0.0
Q9UKV0,0.0
Q15052,0.0
Q9H4G4,0.0
O70460,0.0
O00339,0.0
O75379,0.0
P21781,0.0
P62829,0.0
Q9UN42,0.0
P56192,0.0
Q5VTR2,0.0
P49760,0.0
O88513,0.0
P62140,0.0
P70166,0.0
P52333,0.0
P26678,0.0
P21803,0.0
Q9UBP6,0.0
Q14678,0.0
P08651,0.0
Q9WUN2,0.0
P50284,0.0
P87108,0.0
Q96GN5,0.0
P54830,0.0
Q9QZL0,0.0
Q8WWA0,0.0
Q9NUB1,0.0
Q64010,0.0
Q13569,0.0
O60573,0.0
Q16533,0.0
Q13487,0.0
Q6NZV4,0.0
Q9NP72,0.0
P20263,0.0
P42261,0.0
Q48824,0.0
Q8VCD5,0.0
P27635,0.0
O88703,0.0
P02790,0.0
Q13554,0.0
Q8IZU3,0.0
Q01970,0.0
P57771,0.0
P49591,0.0
P18428,0.0
Q03114,0.0
P31273,0.0
Q9Y580,0.0
Q9HAN9,0.0
Q8R455,0.0
P14222,0.0
Q08050,0.0
Q9NY74,0.0
P49789,0.0
Q8WV16,0.0
Q13496,0.0
Q8IXM2,0.0
Q86W92,0.0
Q9EQZ6,0.0
Q15645,0.0
O94913,0.0
P41212,0.0
Q920M9,0.0
Q96G74,0.0
Q6X1Y7,0.0
P70335,0.0
Q15654,0.0
P58400,0.0
O43809,0.0
Q8IWZ3,0.0
O15360,0.0
Q15007,0.0
Q9Y275,0.0
Q14626,0.0
P46379,0.0
P59759,0.0
Q9H1A4,0.0
O75762,0.0
Q6TCH7,0.0
Q77PU6,0.0
Q00195,0.0
Q9H0B6,0.0
O15014,0.0
Q9CZD3,0.0
Q9Y2J4,0.0
Q9NW38,0.0
P51805,0.0
O94813,0.0
C9E3B4,0.0
Q9H0E2,0.0
O54081,0.0
Q9NX18,0.0
P25686,0.0
Q7Z6M4,0.0
Q9Y2K7,0.0
Q9UPN7,0.0
Q9UBG0,0.0
O00311,0.0
P61224,0.0
Q9H446,0.0
Q9K0U9,0.0
Q9JXV4,0.0
Q9CXC9,0.0
P39016,0.0
Q8IV04,0.0
P18067,0.0
P13674,0.0
Q9Y235,0.0
Q8TEX9,0.0
P09486,0.0
O35343,0.0
Q9UHI6,0.0
Q9NRY4,0.0
G1T7G6,0.0
P11716,0.0
O35468,0.0
P47880,0.0
Q6FI13,0.0
Q01853,0.0
P49765,0.0
Q08AE8,0.0
Q96EP1,0.0
O15226,0.0
Q9BR76,0.0
P70351,0.0
Q96QV6,0.0
P00387,0.0
O15078,0.0
Q32MD9,0.0
Q60680,0.0
P41743,0.0
P53667,0.0
Q9P1Z2,0.0
P17980,0.0
P29387,0.0
Q9Y4B6,0.0
Q9BY67,0.0
A6NHX0,0.0
Q99547,0.0
Q13422,0.0
O75175,0.0
Q99383,0.0
Q9H9F9,0.0
Q05329,0.0
Q8VSC3,0.0
Q9QXA3,0.0
Q12815,0.0
Q05320,0.0
P52701,0.0
P11487,0.0
P27671,0.0
Q9H6S1,0.0
P69332,0.0
P32851,0.0
Q9UPY6,0.0
P42677,0.0
Q9NZL6,0.0
Q14392,0.0
Q61115,0.0
P09958,0.0
O54941,0.0
Q08499,0.0
P06727,0.0
Q8N5Y2,0.0
Q2I0M4,0.0
O15084,0.0
Q12840,0.0
O15514,0.0
Q9R016,0.0
P33450,0.0
P08752,0.0
Q9H4B7,0.0
Q9P1Q0,0.0
O00626,0.0
P17879,0.0
Q3ZCQ8,0.0
P97496,0.0
Q86Y82,0.0
P68255,0.0
Q9BPZ7,0.0
Q8WYQ5,0.0
Q9H165,0.0
O08586,0.0
Q8TDW0,0.0
Q9H845,0.0
Q8IVT5,0.0
P25446,0.0
O15524,0.0
Q9K0V0,0.0
P60866,0.0
Q8NHV1,0.0
Q99871,0.0
O60814,0.0
O95461,0.0
P43268,0.0
P25977,0.0
F4HZB2,0.0
P41778,0.0
P12694,0.0
P21372,0.0
Q8TAM2,0.0
P19490,0.0
P51159,0.0
P48730,0.0
Q9Z0Z7,0.0
Q9Z1X0,0.0
E0VIU9,0.0
P05154,0.0
P52594,0.0
P21246,0.0
Q9BZK7,0.0
Q9UMS6,0.0
Q8WXI2,0.0
O43524,0.0
P16403,0.0
Q9Y448,0.0
Q9H0J4,0.0
O60741,0.0
Q9GZU1,0.0
Q01279,0.0
P17676,0.0
P10909,0.0
Q8TEJ3,0.0
Q9NYG8,0.0
Q7Z429,0.0
Q9UBW8,0.0
P36969,0.0
Q9UPW6,0.0
Q9VJ12,0.0
P16050,0.0
Q8BKI2,0.0
P03951,0.0
Q5TB80,0.0
Q01664,0.0
Q9XX00,0.0
Q05438,0.0
P07949,0.0
Q14997,0.0
Q96QC0,0.0
Q460N5,0.0
Q4UG71,0.0
Q9Y4G6,0.0
Q68D85,0.0
Q5VWG9,0.0
Q6PCD5,0.0
O15315,0.0
P55268,0.0
Q9Y3Q4,0.0
P20591,0.0
Q8BK63,0.0
Q9ESN4,0.0
O43395,0.0
P47745,0.0
Q15054,0.0
Q13190,0.0
Q12983,0.0
Q92614,0.0
Q9BRX5,0.0
O94760,0.0
Q9P0J7,0.0
Q86U42,0.0
Q8WTX7,0.0
Q9H0X9,0.0
Q9H4L4,0.0
P42225,0.0
A6H8Y1,0.0
Q3TNS5,0.0
P57775,0.0
Q13509,0.0
Q5M9N0,0.0
O95997,0.0
P88989,0.0
O75293,0.0
Q61411,0.0
Q92997,0.0
Q8TEL6,0.0
Q7Z6B7,0.0
Q8NDV7,0.0
O75387,0.0
P03281,0.0
O35613,0.0
Q62296,0.0
P01009,0.0
Q06141,0.0
Q04211,0.0
Q8NFH5,0.0
P54763,0.0
Q07108,0.0
O41962,0.0
O14807,0.0
P21453,0.0
Q9UHV9,0.0
P12978,0.0
P11387,0.0
Q16520,0.0
Q13464,0.0
Q99PZ6,0.0
P97481,0.0
O14810,0.0
Q01320,0.0
Q15465,0.0
P17707,0.0
Q9H0R6,0.0
Q925J9,0.0
O75462,0.0
Q7RTN6,0.0
Q61496,0.0
P62249,0.0
P12368,0.0
Q7Z7H8,0.0
Q9D8B3,0.0
P14738,0.0
P00489,0.0
Q9Y2Z4,0.0
Q15572,0.0
Q6FI81,0.0
P18085,0.0
P35498,0.0
Q16181,0.0
Q9Z0G0,0.0
U5KUF9,0.0
Q9UGC6,0.0
P19876,0.0
Q8CFR0,0.0
Q99707,0.0
P14737,0.0
O75367,0.0
Q9Y2G1,0.0
P26769,0.0
Q86XI2,0.0
Q9Y281,0.0
Q9CQY1,0.0
P09132,0.0
P46199,0.0
P19429,0.0
P31040,0.0
B7UNX3,0.0
P09920,0.0
Q5VZM2,0.0
Q86SE9,0.0
P11172,0.0
P62157,0.0
O10647,0.0
Q9BZ95,0.0
P61978,0.0
Q29RF7,0.0
